equipment_id,equipment_name,rule_id,start_time,end_time
CWC04701,Chiller 1,RUL0021,11/24/20 19:00,11/24/20 23:59
CWC04701,Chiller 1,RUL0021,11/25/20 0:00,11/25/20 11:47
CWC04701,Chiller 1,RUL0021,11/29/20 2:57,11/30/20 0:00
CWC04701,Chiller 1,RUL0021,11/30/20 0:00,11/30/20 10:43
CWC04701,Chiller 1,RUL0021,12/2/20 3:19,12/3/20 0:00
CWC04701,Chiller 1,RUL0021,12/3/20 0:00,12/4/20 0:00
CWC04701,Chiller 1,RUL0021,12/4/20 0:00,12/4/20 12:32
CWC04701,Chiller 1,RUL0021,12/6/20 5:57,12/6/20 23:59
CWC04701,Chiller 1,RUL0021,12/7/20 0:00,12/8/20 0:00
CWC04701,Chiller 1,RUL0021,12/8/20 0:00,12/9/20 0:00
CWC04701,Chiller 1,RUL0021,12/9/20 0:00,12/10/20 0:00
CWC04701,Chiller 1,RUL0021,12/10/20 0:00,12/11/20 0:00
CWC04701,Chiller 1,RUL0021,12/11/20 0:00,12/11/20 12:04
CWC04701,Chiller 1,RUL0018,12/12/20 1:30,12/12/20 6:15
CWC04701,Chiller 1,RUL0017,12/14/20 15:15,12/15/20 0:00
CWC04701,Chiller 1,RUL0012,12/14/20 15:15,12/14/20 18:30
CWC04701,Chiller 1,RUL0017,12/15/20 0:00,12/16/20 0:00
CWC04701,Chiller 1,RUL0017,12/16/20 0:00,12/17/20 0:00
CWC04701,Chiller 1,RUL0017,12/17/20 0:00,12/18/20 0:00
CWC04701,Chiller 1,RUL0017,12/18/20 0:00,12/19/20 0:00
CWC04701,Chiller 1,RUL0017,12/19/20 0:00,12/20/20 0:00
CWC04701,Chiller 1,RUL0017,12/20/20 0:00,12/21/20 0:00
CWC04701,Chiller 1,RUL0017,12/21/20 0:00,12/22/20 0:00
CWC04701,Chiller 1,RUL0017,12/22/20 0:00,12/23/20 0:00
CWC04701,Chiller 1,RUL0017,12/23/20 0:00,12/24/20 0:00
CWC04701,Chiller 1,RUL0017,12/24/20 0:00,12/25/20 0:00
CWC04701,Chiller 1,RUL0017,12/25/20 0:00,12/26/20 0:00
CWC04701,Chiller 1,RUL0017,12/26/20 0:00,12/27/20 0:00
CWC04701,Chiller 1,RUL0017,12/27/20 0:00,12/28/20 0:00
CWC04701,Chiller 1,RUL0017,12/28/20 0:00,12/29/20 0:00
CWC04701,Chiller 1,RUL0017,12/29/20 0:00,12/30/20 0:00
CWC04701,Chiller 1,RUL0017,12/30/20 0:00,12/31/20 0:00
CWC04701,Chiller 1,RUL0017,12/31/20 0:00,1/1/21 0:00
CWC04701,Chiller 1,RUL0017,1/1/21 0:00,1/2/21 0:00
CWC04701,Chiller 1,RUL0017,1/2/21 0:00,1/3/21 0:00
CWC04701,Chiller 1,RUL0017,1/3/21 0:00,1/4/21 0:00
CWC04701,Chiller 1,RUL0017,1/4/21 0:00,1/5/21 0:00
CWC04701,Chiller 1,RUL0017,1/5/21 0:00,1/6/21 0:00
CWC04701,Chiller 1,RUL0017,1/6/21 0:00,1/7/21 0:00
CWC04701,Chiller 1,RUL0017,1/7/21 0:00,1/8/21 0:00
CWC04701,Chiller 1,RUL0017,1/8/21 0:00,1/9/21 0:00
CWC04701,Chiller 1,RUL0017,1/9/21 0:00,1/10/21 0:00
CWC04701,Chiller 1,RUL0017,1/10/21 0:00,1/11/21 0:00
CWC04701,Chiller 1,RUL0017,1/11/21 0:00,1/12/21 0:00
CWC04701,Chiller 1,RUL0017,1/12/21 0:00,1/13/21 0:00
CWC04701,Chiller 1,RUL0017,1/13/21 0:00,1/14/21 0:00
CWC04701,Chiller 1,RUL0017,1/14/21 0:00,1/15/21 0:00
CWC04701,Chiller 1,RUL0017,1/15/21 0:00,1/16/21 0:00
CWC04701,Chiller 1,RUL0017,1/16/21 0:00,1/17/21 0:00
CWC04701,Chiller 1,RUL0012,1/16/21 0:00,1/16/21 7:15
CWC04701,Chiller 1,RUL0012,1/16/21 9:00,1/16/21 12:30
CWC04701,Chiller 1,RUL0017,1/17/21 0:00,1/18/21 0:00
CWC04701,Chiller 1,RUL0012,1/17/21 0:00,1/18/21 0:00
CWC04701,Chiller 1,RUL0017,1/18/21 0:00,1/19/21 0:00
CWC04701,Chiller 1,RUL0012,1/18/21 0:00,1/19/21 0:00
CWC04701,Chiller 1,RUL0017,1/19/21 0:00,1/20/21 0:00
CWC04701,Chiller 1,RUL0012,1/19/21 0:00,1/19/21 13:15
CWC04701,Chiller 1,RUL0017,1/20/21 0:00,1/21/21 0:00
CWC04701,Chiller 1,RUL0017,1/21/21 0:00,1/22/21 0:00
CWC04701,Chiller 1,RUL0017,1/22/21 0:00,1/23/21 0:00
CWC04701,Chiller 1,RUL0017,1/23/21 0:00,1/24/21 0:00
CWC04701,Chiller 1,RUL0017,1/24/21 0:00,1/25/21 0:00
CWC04701,Chiller 1,RUL0017,1/25/21 0:00,1/26/21 0:00
CWC04701,Chiller 1,RUL0017,1/26/21 0:00,1/27/21 0:00
CWC04701,Chiller 1,RUL0017,1/27/21 0:00,1/28/21 0:00
CWC04701,Chiller 1,RUL0017,1/28/21 0:00,1/29/21 0:00
CWC04701,Chiller 1,RUL0017,1/29/21 0:00,1/30/21 0:00
CWC04701,Chiller 1,RUL0017,1/30/21 0:00,1/31/21 0:00
CWC04701,Chiller 1,RUL0017,1/31/21 0:00,2/1/21 0:00
CWC04701,Chiller 1,RUL0017,2/1/21 0:00,2/2/21 0:00
CWC04701,Chiller 1,RUL0017,2/2/21 0:00,2/3/21 0:00
CWC04701,Chiller 1,RUL0017,2/3/21 0:00,2/4/21 0:00
CWC04701,Chiller 1,RUL0017,2/4/21 0:00,2/5/21 0:00
CWC04701,Chiller 1,RUL0017,2/5/21 0:00,2/6/21 0:00
CWC04701,Chiller 1,RUL0017,2/6/21 0:00,2/7/21 0:00
CWC04701,Chiller 1,RUL0017,2/7/21 0:00,2/8/21 0:00
CWC04701,Chiller 1,RUL0017,2/8/21 0:00,2/9/21 0:00
CWC04701,Chiller 1,RUL0017,2/9/21 0:00,2/10/21 0:00
CWC04701,Chiller 1,RUL0017,2/10/21 0:00,2/11/21 0:00
CWC04701,Chiller 1,RUL0017,2/11/21 0:00,2/12/21 0:00
CWC04701,Chiller 1,RUL0017,2/12/21 0:00,2/13/21 0:00
CWC04701,Chiller 1,RUL0017,2/13/21 0:00,2/14/21 0:00
CWC04701,Chiller 1,RUL0017,2/14/21 0:00,2/15/21 0:00
CWC04701,Chiller 1,RUL0017,2/15/21 0:00,2/16/21 0:00
CWC04701,Chiller 1,RUL0017,2/16/21 0:00,2/17/21 0:00
CWC04701,Chiller 1,RUL0012,2/16/21 20:45,2/17/21 0:00
CWC04701,Chiller 1,RUL0017,2/17/21 0:00,2/18/21 0:00
CWC04701,Chiller 1,RUL0012,2/17/21 0:00,2/17/21 5:45
CWC04701,Chiller 1,RUL0017,2/18/21 0:00,2/19/21 0:00
CWC04701,Chiller 1,RUL0017,2/19/21 0:00,2/20/21 0:00
CWC04701,Chiller 1,RUL0017,2/20/21 0:00,2/21/21 0:00
CWC04701,Chiller 1,RUL0017,2/21/21 0:00,2/22/21 0:00
CWC04701,Chiller 1,RUL0017,2/22/21 0:00,2/23/21 0:00
CWC04701,Chiller 1,RUL0017,2/23/21 0:00,2/24/21 0:00
CWC04701,Chiller 1,RUL0017,2/24/21 0:00,2/25/21 0:00
CWC04701,Chiller 1,RUL0012,2/24/21 12:30,2/24/21 14:45
CWC04701,Chiller 1,RUL0017,2/25/21 0:00,2/26/21 0:00
CWC04701,Chiller 1,RUL0012,2/25/21 12:45,2/26/21 0:00
CWC04701,Chiller 1,RUL0017,2/26/21 0:00,2/27/21 0:00
CWC04701,Chiller 1,RUL0018,2/26/21 0:00,2/26/21 4:15
CWC04701,Chiller 1,RUL0012,2/26/21 0:00,2/26/21 8:15
CWC04701,Chiller 1,RUL0017,2/27/21 0:00,2/28/21 0:00
CWC04701,Chiller 1,RUL0017,2/28/21 0:00,3/1/21 0:00
CWC04701,Chiller 1,RUL0017,3/1/21 0:00,3/2/21 0:00
CWC04701,Chiller 1,RUL0017,3/2/21 0:00,3/3/21 0:00
CWC04701,Chiller 1,RUL0017,3/3/21 0:00,3/4/21 0:00
CWC04701,Chiller 1,RUL0017,3/4/21 0:00,3/5/21 0:00
CWC04701,Chiller 1,RUL0017,3/5/21 0:00,3/6/21 0:00
CWC04701,Chiller 1,RUL0017,3/6/21 0:00,3/7/21 0:00
CWC04701,Chiller 1,RUL0017,3/7/21 0:00,3/8/21 0:00
CWC04701,Chiller 1,RUL0017,3/8/21 0:00,3/9/21 0:00
CWC04701,Chiller 1,RUL0017,3/9/21 0:00,3/10/21 0:00
CWC04701,Chiller 1,RUL0017,3/10/21 0:00,3/11/21 0:00
CWC04701,Chiller 1,RUL0017,3/11/21 0:00,3/12/21 0:00
CWC04701,Chiller 1,RUL0017,3/12/21 0:00,3/13/21 0:00
CWC04701,Chiller 1,RUL0017,3/13/21 0:00,3/14/21 0:00
CWC04701,Chiller 1,RUL0017,3/14/21 0:00,3/14/21 23:00
CWC04701,Chiller 1,RUL0017,3/15/21 0:00,3/16/21 0:00
CWC04701,Chiller 1,RUL0017,3/16/21 0:00,3/17/21 0:00
CWC04701,Chiller 1,RUL0017,3/17/21 0:00,3/18/21 0:00
CWC04701,Chiller 1,RUL0017,3/18/21 0:00,3/19/21 0:00
CWC04701,Chiller 1,RUL0012,3/18/21 12:30,3/19/21 0:00
CWC04701,Chiller 1,RUL0017,3/19/21 0:00,3/20/21 0:00
CWC04701,Chiller 1,RUL0012,3/19/21 0:00,3/19/21 22:00
CWC04701,Chiller 1,RUL0017,3/20/21 0:00,3/21/21 0:00
CWC04701,Chiller 1,RUL0012,3/20/21 17:30,3/21/21 0:00
CWC04701,Chiller 1,RUL0017,3/21/21 0:00,3/21/21 8:30
CWC04701,Chiller 1,RUL0012,3/21/21 0:00,3/21/21 6:45
CWC04701,Chiller 1,RUL0022,9/16/21 2:45,9/16/21 10:45
CWC04701,Chiller 1,RUL0022,2/14/23 7:15,2/14/23 16:00
CWC04701,Chiller 1,RUL0022,2/15/23 0:00,2/15/23 7:00
CWC04010,Chiller 10,RUL0018,6/22/20 7:35,6/22/20 23:59
CWC04010,Chiller 10,RUL0018,6/23/20 0:00,6/24/20 0:00
CWC04010,Chiller 10,RUL0018,6/24/20 0:00,6/24/20 7:52
CWC04010,Chiller 10,RUL0018,6/26/20 11:12,6/26/20 21:20
CWC04010,Chiller 10,RUL0018,7/16/20 8:00,7/16/20 19:45
CWC04010,Chiller 10,RUL0018,7/25/20 10:58,7/25/20 17:21
CWC04010,Chiller 10,RUL0018,7/25/20 19:03,7/26/20 0:00
CWC04010,Chiller 10,RUL0018,7/27/20 8:59,7/27/20 16:15
CWC04010,Chiller 10,RUL0018,7/27/20 18:30,7/27/20 22:30
CWC04010,Chiller 10,RUL0018,8/3/20 0:00,8/3/20 5:15
CWC04010,Chiller 10,RUL0018,8/20/20 12:15,8/20/20 22:00
CWC04010,Chiller 10,RUL0018,6/9/21 16:15,6/9/21 19:50
CWC04010,Chiller 10,RUL0022,11/11/21 11:00,11/11/21 16:00
CWC04010,Chiller 10,RUL0022,11/12/21 9:45,11/12/21 16:00
CWC04010,Chiller 10,RUL0022,11/13/21 0:00,11/13/21 6:00
CWC04010,Chiller 10,RUL0022,11/15/21 12:15,11/15/21 16:00
CWC04010,Chiller 10,RUL0022,11/16/21 0:00,11/16/21 10:30
CWC04010,Chiller 10,RUL0022,11/16/21 11:15,11/16/21 16:00
CWC04010,Chiller 10,RUL0022,11/17/21 0:00,11/17/21 11:30
CWC04010,Chiller 10,RUL0022,11/17/21 11:45,11/17/21 16:00
CWC04010,Chiller 10,RUL0022,11/18/21 0:00,11/18/21 6:45
CWC04010,Chiller 10,RUL0022,6/1/22 6:45,6/1/22 10:00
CWC04010,Chiller 10,RUL0022,10/31/22 9:00,10/31/22 16:00
CWC04010,Chiller 10,RUL0022,11/1/22 2:30,11/1/22 16:00
CWC04010,Chiller 10,RUL0022,11/2/22 0:00,11/2/22 16:00
CWC04010,Chiller 10,RUL0022,11/3/22 0:00,11/3/22 7:15
CWC04012,Chiller 12,RUL0018,3/20/20 15:15,3/21/20 0:00
CWC04012,Chiller 12,RUL0018,3/21/20 0:00,3/22/20 0:00
CWC04012,Chiller 12,RUL0018,3/22/20 0:00,3/23/20 0:00
CWC04012,Chiller 12,RUL0018,3/23/20 0:00,3/23/20 11:30
CWC04012,Chiller 12,RUL0018,3/23/20 11:45,3/23/20 17:53
CWC04012,Chiller 12,RUL0018,3/23/20 17:53,3/23/20 23:59
CWC04012,Chiller 12,RUL0018,3/24/20 0:00,3/24/20 9:35
CWC04012,Chiller 12,RUL0018,3/25/20 10:30,3/26/20 0:00
CWC04012,Chiller 12,RUL0018,3/26/20 0:00,3/26/20 10:45
CWC04012,Chiller 12,RUL0018,3/26/20 11:30,3/27/20 0:00
CWC04012,Chiller 12,RUL0018,3/27/20 0:00,3/28/20 0:00
CWC04012,Chiller 12,RUL0018,3/28/20 0:00,3/29/20 0:00
CWC04012,Chiller 12,RUL0018,3/29/20 0:00,3/30/20 0:00
CWC04012,Chiller 12,RUL0018,3/30/20 0:00,3/30/20 8:33
CWC04012,Chiller 12,RUL0018,3/30/20 10:09,3/31/20 0:00
CWC04012,Chiller 12,RUL0018,3/31/20 0:00,3/31/20 5:12
CWC04012,Chiller 12,RUL0018,3/31/20 5:21,3/31/20 23:59
CWC04012,Chiller 12,RUL0018,4/1/20 0:00,4/1/20 8:19
CWC04012,Chiller 12,RUL0018,4/1/20 9:00,4/2/20 0:00
CWC04012,Chiller 12,RUL0018,4/2/20 0:00,4/2/20 15:50
CWC04012,Chiller 12,RUL0018,4/2/20 15:50,4/2/20 23:59
CWC04012,Chiller 12,RUL0018,4/3/20 0:00,4/4/20 0:00
CWC04012,Chiller 12,RUL0018,4/4/20 0:00,4/5/20 0:00
CWC04012,Chiller 12,RUL0018,4/5/20 0:00,4/6/20 0:00
CWC04012,Chiller 12,RUL0018,4/6/20 0:00,4/6/20 8:28
CWC04012,Chiller 12,RUL0018,4/6/20 20:15,4/7/20 0:00
CWC04012,Chiller 12,RUL0018,4/7/20 0:00,4/7/20 11:30
CWC04012,Chiller 12,RUL0018,4/7/20 12:15,4/8/20 0:00
CWC04012,Chiller 12,RUL0018,4/8/20 0:00,4/9/20 0:00
CWC04012,Chiller 12,RUL0018,4/9/20 0:00,4/10/20 0:00
CWC04012,Chiller 12,RUL0018,4/10/20 0:00,4/11/20 0:00
CWC04012,Chiller 12,RUL0018,4/11/20 0:00,4/12/20 0:00
CWC04012,Chiller 12,RUL0018,4/12/20 0:00,4/13/20 0:00
CWC04012,Chiller 12,RUL0018,4/13/20 0:00,4/14/20 0:00
CWC04012,Chiller 12,RUL0018,4/14/20 0:00,4/15/20 0:00
CWC04012,Chiller 12,RUL0018,4/15/20 0:00,4/16/20 0:00
CWC04012,Chiller 12,RUL0018,4/16/20 0:00,4/17/20 0:00
CWC04012,Chiller 12,RUL0018,4/17/20 0:00,4/18/20 0:00
CWC04012,Chiller 12,RUL0018,4/18/20 0:00,4/19/20 0:00
CWC04012,Chiller 12,RUL0018,4/19/20 0:00,4/20/20 0:00
CWC04012,Chiller 12,RUL0018,4/20/20 0:00,4/21/20 0:00
CWC04012,Chiller 12,RUL0018,4/21/20 0:00,4/22/20 0:00
CWC04012,Chiller 12,RUL0018,4/22/20 0:00,4/23/20 0:00
CWC04012,Chiller 12,RUL0018,4/23/20 0:00,4/24/20 0:00
CWC04012,Chiller 12,RUL0018,4/24/20 0:00,4/25/20 0:00
CWC04012,Chiller 12,RUL0018,4/25/20 1:30,4/26/20 0:00
CWC04012,Chiller 12,RUL0018,4/26/20 0:00,4/27/20 0:00
CWC04012,Chiller 12,RUL0018,4/27/20 0:00,4/28/20 0:00
CWC04012,Chiller 12,RUL0018,4/28/20 0:00,4/29/20 0:00
CWC04012,Chiller 12,RUL0018,4/29/20 0:00,4/30/20 0:00
CWC04012,Chiller 12,RUL0018,4/30/20 0:00,5/1/20 0:00
CWC04012,Chiller 12,RUL0018,5/1/20 0:00,5/2/20 0:00
CWC04012,Chiller 12,RUL0018,5/2/20 0:00,5/3/20 0:00
CWC04012,Chiller 12,RUL0018,5/3/20 0:00,5/4/20 0:00
CWC04012,Chiller 12,RUL0018,5/4/20 0:00,5/5/20 0:00
CWC04012,Chiller 12,RUL0018,5/5/20 0:00,5/6/20 0:00
CWC04012,Chiller 12,RUL0018,5/6/20 0:00,5/7/20 0:00
CWC04012,Chiller 12,RUL0018,5/7/20 0:00,5/8/20 0:00
CWC04012,Chiller 12,RUL0018,5/8/20 0:00,5/9/20 0:00
CWC04012,Chiller 12,RUL0018,5/9/20 0:00,5/9/20 10:37
CWC04012,Chiller 12,RUL0018,5/9/20 10:37,5/9/20 23:15
CWC04012,Chiller 12,RUL0018,5/10/20 0:00,5/11/20 0:00
CWC04012,Chiller 12,RUL0018,5/15/20 17:45,5/16/20 0:00
CWC04012,Chiller 12,RUL0018,5/16/20 0:00,5/17/20 0:00
CWC04012,Chiller 12,RUL0018,5/17/20 0:00,5/18/20 0:00
CWC04012,Chiller 12,RUL0018,5/18/20 0:00,5/18/20 8:45
CWC04012,Chiller 12,RUL0018,5/18/20 9:00,5/19/20 0:00
CWC04012,Chiller 12,RUL0018,5/19/20 0:00,5/19/20 17:00
CWC04012,Chiller 12,RUL0018,5/19/20 18:15,5/20/20 0:00
CWC04012,Chiller 12,RUL0018,5/20/20 2:15,5/20/20 14:15
CWC04012,Chiller 12,RUL0018,5/20/20 14:30,5/21/20 0:00
CWC04012,Chiller 12,RUL0018,5/21/20 1:30,5/21/20 5:25
CWC04012,Chiller 12,RUL0018,5/21/20 12:45,5/22/20 0:00
CWC04012,Chiller 12,RUL0018,5/22/20 0:00,5/22/20 16:45
CWC04012,Chiller 12,RUL0018,5/22/20 17:00,5/23/20 0:00
CWC04012,Chiller 12,RUL0018,5/23/20 0:00,5/24/20 0:00
CWC04012,Chiller 12,RUL0018,5/24/20 0:45,5/25/20 0:00
CWC04012,Chiller 12,RUL0018,5/25/20 0:00,5/26/20 0:00
CWC04012,Chiller 12,RUL0018,5/26/20 0:00,5/26/20 13:00
CWC04012,Chiller 12,RUL0018,5/26/20 19:15,5/27/20 0:00
CWC04012,Chiller 12,RUL0018,5/27/20 0:00,5/27/20 11:50
CWC04012,Chiller 12,RUL0018,5/28/20 0:00,5/28/20 8:30
CWC04012,Chiller 12,RUL0018,5/28/20 10:30,5/28/20 18:30
CWC04012,Chiller 12,RUL0018,9/25/20 9:30,9/25/20 19:30
CWC04012,Chiller 12,RUL0018,9/26/20 9:15,9/27/20 0:00
CWC04012,Chiller 12,RUL0018,9/27/20 9:15,9/28/20 0:00
CWC04012,Chiller 12,RUL0018,9/28/20 0:00,9/28/20 5:19
CWC04012,Chiller 12,RUL0018,9/28/20 9:30,9/29/20 0:00
CWC04012,Chiller 12,RUL0018,9/29/20 0:00,9/29/20 9:18
CWC04012,Chiller 12,RUL0018,9/29/20 13:15,9/29/20 23:00
CWC04012,Chiller 12,RUL0018,9/30/20 12:45,9/30/20 15:45
CWC04012,Chiller 12,RUL0018,10/3/20 10:15,10/3/20 13:45
CWC04012,Chiller 12,RUL0018,10/3/20 14:00,10/3/20 18:30
CWC04012,Chiller 12,RUL0018,10/4/20 10:45,10/4/20 13:45
CWC04012,Chiller 12,RUL0018,10/4/20 14:00,10/4/20 18:30
CWC04012,Chiller 12,RUL0018,10/5/20 9:15,10/5/20 21:30
CWC04012,Chiller 12,RUL0018,10/6/20 7:45,10/6/20 19:30
CWC04012,Chiller 12,RUL0018,10/7/20 9:30,10/7/20 19:00
CWC04012,Chiller 12,RUL0018,10/8/20 6:15,10/8/20 18:00
CWC04012,Chiller 12,RUL0018,10/9/20 3:15,10/9/20 20:45
CWC04012,Chiller 12,RUL0018,10/10/20 3:45,10/10/20 8:45
CWC04012,Chiller 12,RUL0018,10/10/20 9:30,10/10/20 20:15
CWC04012,Chiller 12,RUL0018,10/11/20 0:00,10/11/20 3:45
CWC04012,Chiller 12,RUL0018,10/11/20 10:30,10/11/20 20:15
CWC04012,Chiller 12,RUL0018,10/12/20 4:30,10/12/20 19:00
CWC04012,Chiller 12,RUL0018,10/13/20 4:00,10/13/20 12:15
CWC04012,Chiller 12,RUL0018,10/14/20 14:11,10/14/20 19:44
CWC04012,Chiller 12,RUL0018,11/17/20 16:00,11/18/20 0:00
CWC04012,Chiller 12,RUL0018,11/18/20 0:00,11/19/20 0:00
CWC04012,Chiller 12,RUL0018,11/19/20 0:00,11/19/20 14:00
CWC04012,Chiller 12,RUL0018,11/19/20 14:30,11/19/20 22:30
CWC04012,Chiller 12,RUL0018,11/20/20 0:00,11/20/20 11:03
CWC04012,Chiller 12,RUL0018,11/20/20 11:03,11/21/20 0:00
CWC04012,Chiller 12,RUL0018,11/21/20 0:00,11/22/20 0:00
CWC04012,Chiller 12,RUL0018,11/22/20 0:00,11/22/20 19:45
CWC04012,Chiller 12,RUL0018,11/22/20 20:00,11/23/20 0:00
CWC04012,Chiller 12,RUL0018,11/23/20 2:15,11/24/20 0:00
CWC04012,Chiller 12,RUL0018,11/24/20 0:00,11/25/20 0:00
CWC04012,Chiller 12,RUL0018,11/25/20 0:00,11/26/20 0:00
CWC04012,Chiller 12,RUL0018,11/26/20 0:00,11/27/20 0:00
CWC04012,Chiller 12,RUL0018,11/27/20 0:00,11/28/20 0:00
CWC04012,Chiller 12,RUL0018,11/28/20 0:00,11/29/20 0:00
CWC04012,Chiller 12,RUL0018,11/29/20 0:00,11/30/20 0:00
CWC04012,Chiller 12,RUL0018,11/30/20 0:00,11/30/20 10:16
CWC04012,Chiller 12,RUL0012,4/15/21 16:25,4/15/21 19:37
CWC04012,Chiller 12,RUL0022,9/16/21 2:45,9/16/21 10:45
CWC04012,Chiller 12,RUL0022,9/23/21 6:00,9/23/21 11:30
CWC04012,Chiller 12,RUL0022,9/30/21 12:15,9/30/21 16:00
CWC04012,Chiller 12,RUL0022,10/1/21 0:00,10/1/21 12:00
CWC04012,Chiller 12,RUL0022,10/4/21 7:30,10/4/21 9:30
CWC04012,Chiller 12,RUL0018,10/7/21 10:11,10/7/21 18:00
CWC04012,Chiller 12,RUL0022,10/19/21 6:45,10/19/21 11:15
CWC04012,Chiller 12,RUL0022,10/26/21 3:45,10/26/21 16:00
CWC04012,Chiller 12,RUL0022,10/27/21 0:00,10/27/21 16:00
CWC04012,Chiller 12,RUL0022,10/28/21 0:00,10/28/21 16:00
CWC04012,Chiller 12,RUL0022,10/29/21 0:00,10/29/21 16:00
CWC04012,Chiller 12,RUL0022,10/30/21 0:00,10/30/21 16:00
CWC04012,Chiller 12,RUL0022,10/31/21 0:00,10/31/21 16:00
CWC04012,Chiller 12,RUL0022,11/1/21 0:00,11/1/21 1:30
CWC04012,Chiller 12,RUL0018,11/1/21 3:47,11/1/21 7:44
CWC04012,Chiller 12,RUL0018,11/1/21 9:30,11/1/21 14:30
CWC04012,Chiller 12,RUL0018,11/1/21 14:45,11/2/21 0:00
CWC04012,Chiller 12,RUL0018,11/2/21 0:00,11/2/21 11:30
CWC04012,Chiller 12,RUL0022,11/3/21 7:15,11/3/21 13:15
CWC04012,Chiller 12,RUL0022,11/9/21 9:30,11/9/21 16:00
CWC04012,Chiller 12,RUL0022,11/10/21 0:00,11/10/21 5:00
CWC04012,Chiller 12,RUL0022,11/16/21 2:30,11/16/21 16:00
CWC04012,Chiller 12,RUL0022,11/17/21 0:00,11/17/21 7:30
CWC04012,Chiller 12,RUL0022,11/17/21 7:45,11/17/21 16:00
CWC04012,Chiller 12,RUL0018,11/17/21 8:01,11/17/21 11:15
CWC04012,Chiller 12,RUL0022,11/18/21 0:00,11/18/21 6:30
CWC04012,Chiller 12,RUL0018,11/18/21 7:45,11/18/21 23:59
CWC04012,Chiller 12,RUL0018,11/19/21 0:00,11/20/21 0:00
CWC04012,Chiller 12,RUL0018,11/20/21 0:00,11/21/21 0:00
CWC04012,Chiller 12,RUL0018,11/21/21 0:00,11/22/21 0:00
CWC04012,Chiller 12,RUL0018,11/22/21 0:00,11/22/21 17:59
CWC04012,Chiller 12,RUL0018,11/22/21 18:04,11/23/21 0:00
CWC04012,Chiller 12,RUL0018,11/23/21 0:00,11/24/21 0:00
CWC04012,Chiller 12,RUL0018,11/24/21 0:00,11/24/21 22:16
CWC04012,Chiller 12,RUL0018,11/25/21 0:00,11/26/21 0:00
CWC04012,Chiller 12,RUL0018,11/26/21 0:00,11/26/21 5:28
CWC04012,Chiller 12,RUL0018,11/26/21 5:32,11/26/21 23:59
CWC04012,Chiller 12,RUL0018,11/27/21 0:00,11/27/21 12:20
CWC04012,Chiller 12,RUL0022,8/30/22 7:00,8/30/22 11:30
CWC04012,Chiller 12,RUL0022,8/31/22 5:45,8/31/22 16:00
CWC04012,Chiller 12,RUL0022,9/1/22 0:00,9/1/22 16:00
CWC04012,Chiller 12,RUL0022,9/2/22 0:00,9/2/22 6:30
CWC04012,Chiller 12,RUL0022,10/12/22 8:15,10/12/22 16:00
CWC04012,Chiller 12,RUL0022,10/13/22 0:00,10/13/22 16:00
CWC04012,Chiller 12,RUL0022,10/14/22 0:00,10/14/22 16:00
CWC04012,Chiller 12,RUL0022,10/15/22 0:00,10/15/22 16:00
CWC04012,Chiller 12,RUL0022,10/16/22 0:00,10/16/22 16:00
CWC04012,Chiller 12,RUL0022,10/17/22 0:00,10/17/22 16:00
CWC04012,Chiller 12,RUL0018,10/18/22 0:51,10/18/22 9:45
CWC04012,Chiller 12,RUL0022,10/18/22 7:15,10/18/22 16:00
CWC04012,Chiller 12,RUL0018,10/18/22 10:30,10/18/22 13:35
CWC04012,Chiller 12,RUL0022,10/19/22 0:00,10/19/22 12:00
CWC04012,Chiller 12,RUL0022,10/25/22 3:00,10/25/22 13:15
CWC04012,Chiller 12,RUL0022,10/26/22 3:45,10/26/22 10:00
CWC04012,Chiller 12,RUL0018,10/27/22 14:18,10/27/22 23:59
CWC04012,Chiller 12,RUL0018,10/28/22 0:00,10/28/22 16:27
CWC04012,Chiller 12,RUL0022,11/3/22 4:45,11/3/22 16:00
CWC04012,Chiller 12,RUL0022,11/4/22 0:00,11/4/22 6:00
CWC04012,Chiller 12,RUL0022,11/5/22 4:45,11/5/22 16:00
CWC04012,Chiller 12,RUL0022,11/6/22 0:00,11/6/22 17:00
CWC04012,Chiller 12,RUL0022,11/7/22 0:00,11/7/22 16:00
CWC04012,Chiller 12,RUL0022,11/8/22 0:00,11/8/22 16:00
CWC04012,Chiller 12,RUL0022,11/9/22 0:00,11/9/22 16:00
CWC04012,Chiller 12,RUL0022,11/10/22 0:00,11/10/22 16:00
CWC04012,Chiller 12,RUL0022,11/11/22 0:00,11/11/22 7:15
CWC04012,Chiller 12,RUL0022,11/14/22 5:45,11/14/22 16:00
CWC04012,Chiller 12,RUL0022,11/15/22 0:00,11/15/22 16:00
CWC04012,Chiller 12,RUL0022,11/16/22 0:00,11/16/22 16:00
CWC04012,Chiller 12,RUL0022,11/17/22 0:00,11/17/22 16:00
CWC04012,Chiller 12,RUL0022,11/18/22 0:00,11/18/22 16:00
CWC04012,Chiller 12,RUL0018,11/19/22 0:00,11/20/22 0:00
CWC04012,Chiller 12,RUL0018,11/20/22 0:00,11/20/22 8:28
CWC04012,Chiller 12,RUL0022,11/20/22 3:45,11/20/22 16:00
CWC04012,Chiller 12,RUL0022,11/21/22 0:00,11/21/22 16:00
CWC04012,Chiller 12,RUL0022,11/22/22 0:00,11/22/22 16:00
CWC04012,Chiller 12,RUL0022,11/23/22 0:00,11/23/22 16:00
CWC04012,Chiller 12,RUL0018,11/24/22 0:00,11/24/22 9:45
CWC04012,Chiller 12,RUL0022,11/24/22 4:15,11/24/22 16:00
CWC04012,Chiller 12,RUL0022,11/25/22 0:00,11/25/22 16:00
CWC04012,Chiller 12,RUL0018,11/26/22 1:12,11/26/22 23:59
CWC04012,Chiller 12,RUL0018,11/27/22 0:00,11/27/22 21:45
CWC04012,Chiller 12,RUL0018,11/28/22 0:00,11/29/22 0:00
CWC04012,Chiller 12,RUL0022,11/29/22 0:00,11/29/22 16:00
CWC04012,Chiller 12,RUL0022,11/30/22 0:00,11/30/22 16:00
CWC04012,Chiller 12,RUL0022,12/1/22 0:00,12/1/22 11:00
CWC04013,Chiller 13,RUL0022,6/1/22 5:45,6/1/22 10:45
CWC04014,Chiller 14,RUL0018,6/9/20 11:30,6/9/20 14:30
CWC04014,Chiller 14,RUL0018,6/11/20 8:30,6/12/20 0:00
CWC04014,Chiller 14,RUL0018,6/12/20 0:00,6/13/20 0:00
CWC04014,Chiller 14,RUL0018,6/13/20 0:00,6/14/20 0:00
CWC04014,Chiller 14,RUL0018,6/14/20 0:00,6/15/20 0:00
CWC04014,Chiller 14,RUL0018,6/15/20 0:00,6/16/20 0:00
CWC04014,Chiller 14,RUL0018,6/16/20 0:00,6/16/20 3:55
CWC04014,Chiller 14,RUL0018,6/16/20 3:56,6/16/20 23:59
CWC04014,Chiller 14,RUL0018,6/17/20 0:00,6/18/20 0:00
CWC04014,Chiller 14,RUL0018,6/18/20 0:00,6/19/20 0:00
CWC04014,Chiller 14,RUL0018,6/19/20 0:00,6/20/20 0:00
CWC04014,Chiller 14,RUL0018,6/20/20 0:00,6/21/20 0:00
CWC04014,Chiller 14,RUL0018,6/21/20 0:00,6/22/20 0:00
CWC04014,Chiller 14,RUL0018,6/22/20 0:00,6/22/20 3:09
CWC04014,Chiller 14,RUL0018,6/22/20 3:09,6/23/20 0:00
CWC04014,Chiller 14,RUL0018,6/23/20 0:00,6/24/20 0:00
CWC04014,Chiller 14,RUL0018,6/24/20 0:00,6/24/20 7:52
CWC04014,Chiller 14,RUL0018,6/24/20 10:25,6/25/20 0:00
CWC04014,Chiller 14,RUL0018,6/25/20 0:00,6/26/20 0:00
CWC04014,Chiller 14,RUL0018,6/26/20 0:00,6/27/20 0:00
CWC04014,Chiller 14,RUL0018,6/27/20 0:00,6/28/20 0:00
CWC04014,Chiller 14,RUL0018,6/28/20 0:00,6/29/20 0:00
CWC04014,Chiller 14,RUL0018,6/29/20 0:00,6/30/20 0:00
CWC04014,Chiller 14,RUL0018,6/30/20 0:00,7/1/20 0:00
CWC04014,Chiller 14,RUL0018,7/1/20 0:00,7/2/20 0:00
CWC04014,Chiller 14,RUL0018,7/2/20 0:00,7/3/20 0:00
CWC04014,Chiller 14,RUL0018,7/3/20 0:00,7/4/20 0:00
CWC04014,Chiller 14,RUL0018,7/4/20 0:00,7/5/20 0:00
CWC04014,Chiller 14,RUL0018,7/5/20 0:00,7/6/20 0:00
CWC04014,Chiller 14,RUL0018,7/6/20 0:00,7/7/20 0:00
CWC04014,Chiller 14,RUL0018,7/7/20 0:00,7/8/20 0:00
CWC04014,Chiller 14,RUL0018,7/8/20 0:00,7/9/20 0:00
CWC04014,Chiller 14,RUL0018,7/9/20 0:00,7/10/20 0:00
CWC04014,Chiller 14,RUL0018,7/10/20 0:00,7/11/20 0:00
CWC04014,Chiller 14,RUL0018,7/11/20 0:00,7/12/20 0:00
CWC04014,Chiller 14,RUL0018,7/12/20 0:00,7/13/20 0:00
CWC04014,Chiller 14,RUL0018,7/13/20 0:00,7/14/20 0:00
CWC04014,Chiller 14,RUL0018,7/14/20 0:00,7/15/20 0:00
CWC04014,Chiller 14,RUL0018,7/15/20 0:00,7/15/20 4:59
CWC04014,Chiller 14,RUL0018,7/15/20 5:00,7/15/20 23:59
CWC04014,Chiller 14,RUL0018,7/16/20 1:40,7/17/20 0:00
CWC04014,Chiller 14,RUL0018,7/17/20 0:00,7/18/20 0:00
CWC04014,Chiller 14,RUL0018,7/18/20 0:00,7/19/20 0:00
CWC04014,Chiller 14,RUL0018,7/19/20 0:00,7/20/20 0:00
CWC04014,Chiller 14,RUL0018,7/20/20 0:00,7/21/20 0:00
CWC04014,Chiller 14,RUL0018,7/21/20 0:00,7/22/20 0:00
CWC04014,Chiller 14,RUL0018,7/22/20 0:00,7/23/20 0:00
CWC04014,Chiller 14,RUL0018,7/23/20 0:00,7/24/20 0:00
CWC04014,Chiller 14,RUL0018,7/24/20 0:00,7/25/20 0:00
CWC04014,Chiller 14,RUL0018,7/25/20 0:00,7/25/20 17:21
CWC04014,Chiller 14,RUL0018,7/25/20 19:03,7/26/20 0:00
CWC04014,Chiller 14,RUL0018,7/26/20 0:00,7/26/20 15:07
CWC04014,Chiller 14,RUL0018,7/26/20 15:07,7/27/20 0:00
CWC04014,Chiller 14,RUL0018,7/27/20 0:00,7/28/20 0:00
CWC04014,Chiller 14,RUL0018,7/28/20 0:00,7/28/20 9:00
CWC04014,Chiller 14,RUL0018,7/28/20 9:15,7/29/20 0:00
CWC04014,Chiller 14,RUL0018,7/29/20 0:00,7/30/20 0:00
CWC04014,Chiller 14,RUL0018,7/30/20 0:00,7/31/20 0:00
CWC04014,Chiller 14,RUL0018,7/31/20 0:36,8/1/20 0:00
CWC04014,Chiller 14,RUL0018,8/1/20 0:00,8/2/20 0:00
CWC04014,Chiller 14,RUL0018,8/2/20 0:00,8/3/20 0:00
CWC04014,Chiller 14,RUL0018,8/3/20 0:00,8/4/20 0:00
CWC04014,Chiller 14,RUL0018,8/4/20 0:00,8/4/20 14:36
CWC04014,Chiller 14,RUL0018,8/10/20 13:30,8/11/20 0:00
CWC04014,Chiller 14,RUL0018,8/11/20 0:00,8/11/20 18:15
CWC04014,Chiller 14,RUL0018,8/11/20 19:30,8/12/20 0:00
CWC04014,Chiller 14,RUL0018,8/12/20 0:00,8/13/20 0:00
CWC04014,Chiller 14,RUL0018,8/13/20 0:00,8/14/20 0:00
CWC04014,Chiller 14,RUL0018,8/14/20 0:00,8/15/20 0:00
CWC04014,Chiller 14,RUL0018,8/15/20 0:00,8/16/20 0:00
CWC04014,Chiller 14,RUL0018,8/16/20 0:00,8/17/20 0:00
CWC04014,Chiller 14,RUL0018,8/17/20 0:00,8/17/20 3:04
CWC04014,Chiller 14,RUL0018,8/17/20 3:03,8/17/20 23:59
CWC04014,Chiller 14,RUL0018,8/18/20 0:00,8/18/20 23:36
CWC04014,Chiller 14,RUL0018,8/19/20 13:00,8/19/20 17:41
CWC04014,Chiller 14,RUL0018,8/20/20 8:17,8/21/20 0:00
CWC04014,Chiller 14,RUL0018,8/21/20 0:00,8/21/20 10:14
CWC04014,Chiller 14,RUL0018,8/21/20 11:01,8/21/20 23:59
CWC04014,Chiller 14,RUL0018,8/22/20 0:00,8/23/20 0:00
CWC04014,Chiller 14,RUL0018,8/23/20 0:00,8/24/20 0:00
CWC04014,Chiller 14,RUL0018,8/24/20 0:00,8/25/20 0:00
CWC04014,Chiller 14,RUL0018,8/25/20 0:00,8/26/20 0:00
CWC04014,Chiller 14,RUL0018,8/26/20 0:00,8/27/20 0:00
CWC04014,Chiller 14,RUL0018,8/27/20 0:00,8/28/20 0:00
CWC04014,Chiller 14,RUL0018,8/28/20 0:00,8/29/20 0:00
CWC04014,Chiller 14,RUL0018,8/29/20 0:00,8/30/20 0:00
CWC04014,Chiller 14,RUL0018,8/30/20 0:00,8/31/20 0:00
CWC04014,Chiller 14,RUL0018,8/31/20 0:00,8/31/20 22:56
CWC04014,Chiller 14,RUL0018,9/15/21 10:45,9/16/21 0:00
CWC04014,Chiller 14,RUL0018,9/16/21 0:00,9/16/21 8:34
CWC04014,Chiller 14,RUL0022,9/16/21 3:15,9/16/21 10:45
CWC04014,Chiller 14,RUL0022,9/22/21 9:45,9/22/21 15:15
CWC04014,Chiller 14,RUL0022,8/30/22 7:00,8/30/22 11:30
CWC04014,Chiller 14,RUL0022,8/31/22 5:45,8/31/22 16:00
CWC04014,Chiller 14,RUL0022,9/1/22 0:00,9/1/22 16:00
CWC04014,Chiller 14,RUL0022,9/2/22 0:00,9/2/22 16:00
CWC04014,Chiller 14,RUL0022,9/3/22 0:00,9/3/22 16:00
CWC04014,Chiller 14,RUL0022,9/4/22 0:00,9/4/22 13:00
CWC04702,Chiller 2,RUL0018,3/9/20 16:00,3/9/20 20:00
CWC04702,Chiller 2,RUL0018,3/9/20 20:15,3/9/20 23:15
CWC04702,Chiller 2,RUL0018,3/10/20 6:15,3/10/20 16:30
CWC04702,Chiller 2,RUL0018,3/11/20 1:45,3/11/20 6:00
CWC04702,Chiller 2,RUL0018,3/18/20 0:00,3/18/20 4:28
CWC04702,Chiller 2,RUL0018,3/18/20 4:28,3/18/20 19:30
CWC04702,Chiller 2,RUL0018,3/18/20 19:45,3/19/20 0:00
CWC04702,Chiller 2,RUL0018,3/19/20 0:30,3/19/20 10:45
CWC04702,Chiller 2,RUL0018,3/19/20 11:30,3/19/20 14:45
CWC04702,Chiller 2,RUL0018,3/20/20 10:30,3/20/20 13:30
CWC04702,Chiller 2,RUL0018,3/21/20 2:15,3/22/20 0:00
CWC04702,Chiller 2,RUL0018,3/26/20 14:45,3/26/20 18:15
CWC04702,Chiller 2,RUL0018,3/27/20 11:30,3/28/20 0:00
CWC04702,Chiller 2,RUL0018,3/28/20 2:30,3/28/20 14:15
CWC04702,Chiller 2,RUL0018,3/28/20 14:30,3/28/20 20:15
CWC04702,Chiller 2,RUL0018,3/28/20 20:30,3/29/20 0:00
CWC04702,Chiller 2,RUL0018,3/30/20 2:30,3/30/20 8:33
CWC04702,Chiller 2,RUL0018,3/30/20 10:09,3/30/20 17:45
CWC04702,Chiller 2,RUL0018,3/31/20 0:30,3/31/20 7:00
CWC04702,Chiller 2,RUL0018,3/31/20 7:15,3/31/20 23:00
CWC04702,Chiller 2,RUL0018,4/1/20 0:00,4/1/20 8:19
CWC04702,Chiller 2,RUL0018,4/1/20 9:00,4/2/20 0:00
CWC04702,Chiller 2,RUL0018,4/2/20 0:00,4/2/20 15:45
CWC04702,Chiller 2,RUL0018,4/2/20 19:45,4/3/20 0:00
CWC04702,Chiller 2,RUL0018,4/3/20 0:00,4/3/20 14:30
CWC04702,Chiller 2,RUL0018,4/4/20 7:45,4/4/20 10:45
CWC04702,Chiller 2,RUL0018,4/6/20 6:45,4/6/20 13:30
CWC04702,Chiller 2,RUL0018,4/6/20 13:45,4/6/20 21:30
CWC04702,Chiller 2,RUL0018,4/7/20 0:00,4/7/20 10:15
CWC04702,Chiller 2,RUL0018,9/22/20 3:15,9/22/20 9:45
CWC04702,Chiller 2,RUL0018,11/5/20 4:30,11/5/20 9:45
CWC04702,Chiller 2,RUL0018,11/9/20 1:30,11/9/20 10:15
CWC04702,Chiller 2,RUL0022,10/14/22 6:45,10/14/22 16:00
CWC04702,Chiller 2,RUL0022,10/15/22 0:00,10/15/22 16:00
CWC04702,Chiller 2,RUL0022,10/16/22 0:00,10/16/22 16:00
CWC04702,Chiller 2,RUL0022,10/17/22 0:00,10/17/22 16:00
CWC04702,Chiller 2,RUL0022,10/18/22 7:15,10/18/22 16:00
CWC04702,Chiller 2,RUL0022,10/19/22 0:00,10/19/22 12:00
CWC04702,Chiller 2,RUL0022,11/16/22 4:30,11/16/22 16:00
CWC04702,Chiller 2,RUL0022,11/17/22 0:00,11/17/22 16:00
CWC04702,Chiller 2,RUL0022,11/18/22 0:00,11/18/22 16:00
CWC04702,Chiller 2,RUL0022,11/20/22 3:45,11/20/22 16:00
CWC04702,Chiller 2,RUL0022,11/21/22 0:00,11/21/22 16:00
CWC04702,Chiller 2,RUL0022,11/22/22 0:00,11/22/22 4:00
CWC04702,Chiller 2,RUL0022,11/22/22 4:30,11/22/22 16:00
CWC04702,Chiller 2,RUL0022,11/23/22 0:00,11/23/22 6:45
CWC04702,Chiller 2,RUL0022,2/15/23 3:30,2/15/23 16:00
CWC04702,Chiller 2,RUL0022,2/16/23 0:00,2/16/23 11:15
CWC04703,Chiller 3,RUL0017,6/4/20 3:15,6/4/20 10:30
CWC04703,Chiller 3,RUL0012,6/4/20 3:15,6/4/20 10:45
CWC04703,Chiller 3,RUL0021,6/6/20 11:42,6/6/20 23:59
CWC04703,Chiller 3,RUL0021,6/7/20 0:00,6/8/20 0:00
CWC04703,Chiller 3,RUL0021,6/8/20 0:00,6/8/20 8:00
CWC04703,Chiller 3,RUL0021,9/29/20 9:17,9/29/20 12:41
CWC04703,Chiller 3,RUL0022,9/22/21 9:45,9/22/21 15:15
CWC04703,Chiller 3,RUL0022,9/24/21 5:45,9/24/21 10:15
CWC04704,Chiller 4,RUL0018,2/5/20 4:00,2/5/20 7:01
CWC04704,Chiller 4,RUL0018,2/24/20 20:15,2/25/20 0:00
CWC04704,Chiller 4,RUL0018,2/26/20 7:00,2/26/20 13:45
CWC04704,Chiller 4,RUL0018,3/12/20 1:45,3/12/20 8:15
CWC04704,Chiller 4,RUL0018,3/12/20 8:30,3/12/20 12:30
CWC04704,Chiller 4,RUL0018,3/14/20 10:00,3/15/20 0:00
CWC04704,Chiller 4,RUL0018,3/15/20 0:00,3/16/20 0:00
CWC04704,Chiller 4,RUL0018,3/16/20 0:00,3/16/20 15:30
CWC04704,Chiller 4,RUL0018,3/16/20 15:45,3/16/20 20:00
CWC04704,Chiller 4,RUL0018,4/10/20 0:30,4/10/20 4:45
CWC04704,Chiller 4,RUL0018,4/10/20 7:45,4/10/20 12:00
CWC04704,Chiller 4,RUL0018,4/11/20 2:00,4/11/20 7:00
CWC04704,Chiller 4,RUL0018,4/11/20 9:45,4/11/20 12:45
CWC04704,Chiller 4,RUL0018,4/12/20 1:45,4/12/20 8:15
CWC04704,Chiller 4,RUL0018,4/14/20 1:30,4/14/20 8:00
CWC04704,Chiller 4,RUL0018,4/14/20 9:00,4/14/20 15:15
CWC04704,Chiller 4,RUL0018,4/14/20 17:30,4/14/20 20:30
CWC04704,Chiller 4,RUL0018,4/15/20 5:45,4/15/20 16:30
CWC04704,Chiller 4,RUL0018,4/15/20 16:45,4/16/20 0:00
CWC04704,Chiller 4,RUL0018,4/16/20 5:00,4/16/20 9:00
CWC04704,Chiller 4,RUL0018,4/16/20 9:15,4/16/20 15:45
CWC04704,Chiller 4,RUL0018,4/16/20 16:00,4/16/20 20:00
CWC04704,Chiller 4,RUL0018,4/17/20 0:15,4/17/20 14:15
CWC04704,Chiller 4,RUL0018,4/17/20 14:30,4/17/20 19:15
CWC04704,Chiller 4,RUL0018,4/17/20 21:00,4/18/20 0:00
CWC04704,Chiller 4,RUL0018,4/18/20 0:00,4/18/20 13:15
CWC04704,Chiller 4,RUL0018,4/19/20 2:45,4/19/20 10:15
CWC04704,Chiller 4,RUL0018,4/20/20 18:15,4/21/20 0:00
CWC04704,Chiller 4,RUL0018,4/21/20 0:00,4/21/20 9:07
CWC04704,Chiller 4,RUL0018,4/22/20 14:15,4/22/20 23:30
CWC04704,Chiller 4,RUL0018,4/28/20 0:15,4/28/20 3:15
CWC04704,Chiller 4,RUL0018,5/5/20 8:15,5/5/20 14:45
CWC04704,Chiller 4,RUL0018,5/6/20 0:00,5/6/20 3:30
CWC04704,Chiller 4,RUL0018,5/12/20 8:45,5/12/20 12:00
CWC04704,Chiller 4,RUL0018,5/12/20 16:00,5/12/20 19:45
CWC04704,Chiller 4,RUL0018,5/12/20 20:15,5/13/20 0:00
CWC04704,Chiller 4,RUL0018,5/13/20 4:15,5/13/20 10:45
CWC04704,Chiller 4,RUL0018,5/14/20 4:15,5/14/20 9:00
CWC04704,Chiller 4,RUL0018,5/20/20 20:15,5/21/20 0:00
CWC04704,Chiller 4,RUL0018,5/21/20 0:00,5/21/20 4:15
CWC04704,Chiller 4,RUL0018,5/23/20 20:45,5/24/20 0:00
CWC04704,Chiller 4,RUL0018,5/24/20 0:00,5/24/20 4:45
CWC04704,Chiller 4,RUL0021,6/6/20 11:42,6/6/20 23:59
CWC04704,Chiller 4,RUL0021,6/7/20 0:00,6/8/20 0:00
CWC04704,Chiller 4,RUL0021,6/8/20 0:00,6/8/20 8:00
CWC04704,Chiller 4,RUL0021,8/19/20 0:00,8/19/20 10:45
CWC04704,Chiller 4,RUL0021,8/19/20 17:41,8/20/20 0:00
CWC04704,Chiller 4,RUL0021,8/20/20 0:00,8/20/20 8:17
CWC04704,Chiller 4,RUL0018,9/23/20 2:30,9/23/20 8:00
CWC04704,Chiller 4,RUL0021,9/29/20 9:17,9/29/20 12:41
CWC04704,Chiller 4,RUL0018,10/3/20 3:15,10/3/20 7:45
CWC04704,Chiller 4,RUL0018,10/4/20 5:00,10/4/20 9:15
CWC04704,Chiller 4,RUL0018,10/8/20 18:30,10/8/20 23:00
CWC04704,Chiller 4,RUL0018,10/9/20 3:00,10/9/20 11:45
CWC04704,Chiller 4,RUL0018,10/12/20 11:45,10/12/20 15:00
CWC04704,Chiller 4,RUL0021,10/13/20 13:25,10/14/20 0:00
CWC04704,Chiller 4,RUL0021,10/14/20 0:00,10/14/20 14:12
CWC04704,Chiller 4,RUL0018,10/14/20 20:15,10/14/20 23:45
CWC04704,Chiller 4,RUL0018,10/17/20 0:45,10/17/20 3:45
CWC04704,Chiller 4,RUL0018,10/17/20 6:30,10/17/20 11:45
CWC04704,Chiller 4,RUL0018,10/17/20 14:15,10/17/20 20:00
CWC04704,Chiller 4,RUL0018,10/17/20 20:15,10/18/20 0:00
CWC04704,Chiller 4,RUL0018,10/18/20 0:00,10/18/20 3:00
CWC04704,Chiller 4,RUL0018,10/18/20 4:30,10/18/20 12:45
CWC04704,Chiller 4,RUL0021,10/21/20 16:11,10/21/20 23:59
CWC04704,Chiller 4,RUL0021,10/22/20 0:00,10/22/20 10:06
CWC04704,Chiller 4,RUL0018,10/24/20 17:45,10/24/20 22:15
CWC04704,Chiller 4,RUL0018,10/25/20 0:00,10/25/20 20:15
CWC04704,Chiller 4,RUL0021,10/26/20 0:00,10/26/20 11:15
CWC04704,Chiller 4,RUL0018,10/27/20 15:45,10/28/20 0:00
CWC04704,Chiller 4,RUL0018,10/28/20 0:00,10/28/20 3:15
CWC04704,Chiller 4,RUL0018,10/28/20 6:00,10/28/20 11:30
CWC04704,Chiller 4,RUL0018,10/29/20 14:45,10/29/20 17:45
CWC04704,Chiller 4,RUL0018,10/29/20 19:45,10/30/20 0:00
CWC04704,Chiller 4,RUL0018,10/30/20 0:15,10/30/20 10:15
CWC04704,Chiller 4,RUL0018,10/30/20 12:45,10/30/20 21:45
CWC04704,Chiller 4,RUL0018,11/1/20 12:48,11/1/20 16:00
CWC04704,Chiller 4,RUL0018,11/1/20 20:00,11/2/20 1:00
CWC04704,Chiller 4,RUL0018,11/2/20 0:00,11/2/20 18:30
CWC04704,Chiller 4,RUL0018,1/16/21 12:30,1/17/21 0:00
CWC04704,Chiller 4,RUL0018,1/17/21 0:00,1/18/21 0:00
CWC04704,Chiller 4,RUL0018,1/18/21 0:00,1/18/21 22:13
CWC04704,Chiller 4,RUL0018,2/16/21 13:15,2/16/21 22:54
CWC04704,Chiller 4,RUL0018,2/24/21 14:30,2/25/21 0:00
CWC04704,Chiller 4,RUL0017,2/25/21 1:30,2/25/21 12:45
CWC04704,Chiller 4,RUL0018,2/25/21 12:45,2/25/21 22:59
CWC04704,Chiller 4,RUL0017,3/9/21 10:26,3/10/21 0:00
CWC04704,Chiller 4,RUL0012,3/9/21 10:26,3/10/21 0:00
CWC04704,Chiller 4,RUL0017,3/10/21 13:43,3/10/21 23:59
CWC04704,Chiller 4,RUL0012,3/10/21 13:43,3/10/21 23:59
CWC04704,Chiller 4,RUL0017,3/11/21 0:00,3/12/21 0:00
CWC04704,Chiller 4,RUL0012,3/11/21 0:00,3/12/21 0:00
CWC04704,Chiller 4,RUL0017,3/12/21 0:00,3/13/21 0:00
CWC04704,Chiller 4,RUL0012,3/12/21 0:00,3/13/21 0:00
CWC04704,Chiller 4,RUL0018,3/18/21 11:04,3/19/21 0:00
CWC04704,Chiller 4,RUL0018,3/19/21 0:00,3/19/21 5:12
CWC04704,Chiller 4,RUL0018,3/20/21 6:37,3/20/21 23:59
CWC04704,Chiller 4,RUL0018,3/22/21 9:03,3/23/21 0:00
CWC04704,Chiller 4,RUL0018,3/23/21 0:00,3/23/21 15:45
CWC04704,Chiller 4,RUL0018,3/23/21 16:00,3/24/21 0:00
CWC04704,Chiller 4,RUL0018,3/24/21 0:00,3/24/21 15:30
CWC04704,Chiller 4,RUL0018,3/24/21 18:15,3/25/21 0:00
CWC04704,Chiller 4,RUL0018,3/25/21 0:00,3/25/21 11:30
CWC04704,Chiller 4,RUL0018,3/26/21 0:00,3/26/21 10:45
CWC04704,Chiller 4,RUL0018,3/26/21 14:30,3/27/21 0:00
CWC04704,Chiller 4,RUL0018,3/27/21 0:00,3/28/21 0:00
CWC04704,Chiller 4,RUL0018,3/28/21 0:00,3/29/21 0:00
CWC04704,Chiller 4,RUL0018,3/29/21 0:00,3/30/21 0:00
CWC04704,Chiller 4,RUL0018,3/30/21 12:30,3/31/21 0:00
CWC04704,Chiller 4,RUL0018,3/31/21 0:00,3/31/21 16:15
CWC04704,Chiller 4,RUL0018,4/1/21 0:00,4/2/21 0:00
CWC04704,Chiller 4,RUL0017,4/15/21 16:25,4/15/21 19:37
CWC04704,Chiller 4,RUL0018,4/15/21 16:25,4/15/21 19:37
CWC04704,Chiller 4,RUL0012,4/15/21 16:25,4/15/21 19:37
CWC04704,Chiller 4,RUL0018,9/15/21 10:45,9/16/21 0:00
CWC04704,Chiller 4,RUL0018,9/16/21 0:00,9/16/21 8:28
CWC04704,Chiller 4,RUL0022,9/22/21 9:00,9/22/21 16:00
CWC04704,Chiller 4,RUL0022,9/23/21 5:45,9/23/21 10:15
CWC04704,Chiller 4,RUL0022,9/24/21 4:00,9/24/21 10:15
CWC04704,Chiller 4,RUL0022,9/25/21 5:30,9/25/21 16:00
CWC04704,Chiller 4,RUL0022,9/26/21 0:00,9/26/21 13:15
CWC04704,Chiller 4,RUL0018,9/26/21 15:57,9/27/21 0:00
CWC04704,Chiller 4,RUL0018,9/27/21 0:00,9/27/21 8:45
CWC04704,Chiller 4,RUL0022,9/27/21 5:00,9/27/21 13:00
CWC04704,Chiller 4,RUL0022,9/28/21 7:30,9/28/21 16:00
CWC04704,Chiller 4,RUL0022,9/29/21 0:00,9/29/21 16:00
CWC04704,Chiller 4,RUL0022,9/30/21 0:00,9/30/21 16:00
CWC04704,Chiller 4,RUL0022,10/1/21 0:00,10/1/21 12:00
CWC04704,Chiller 4,RUL0022,10/4/21 7:30,10/4/21 9:30
CWC04704,Chiller 4,RUL0018,10/7/21 11:45,10/7/21 18:01
CWC04704,Chiller 4,RUL0022,10/19/21 6:45,10/19/21 11:15
CWC04704,Chiller 4,RUL0022,10/26/21 3:45,10/26/21 16:00
CWC04704,Chiller 4,RUL0022,10/27/21 0:00,10/27/21 16:00
CWC04704,Chiller 4,RUL0022,10/28/21 0:00,10/28/21 16:00
CWC04704,Chiller 4,RUL0022,10/29/21 0:00,10/29/21 16:00
CWC04704,Chiller 4,RUL0022,10/30/21 0:00,10/30/21 16:00
CWC04704,Chiller 4,RUL0022,10/31/21 0:00,10/31/21 16:00
CWC04704,Chiller 4,RUL0022,11/1/21 0:00,11/1/21 1:30
CWC04704,Chiller 4,RUL0018,11/1/21 3:47,11/1/21 14:29
CWC04704,Chiller 4,RUL0018,11/1/21 14:45,11/2/21 0:00
CWC04704,Chiller 4,RUL0018,11/2/21 0:00,11/2/21 11:30
CWC04704,Chiller 4,RUL0022,11/3/21 6:45,11/3/21 13:15
CWC04704,Chiller 4,RUL0022,11/9/21 9:30,11/9/21 16:00
CWC04704,Chiller 4,RUL0022,11/10/21 0:00,11/10/21 8:15
CWC04704,Chiller 4,RUL0022,11/11/21 10:15,11/11/21 16:00
CWC04704,Chiller 4,RUL0022,11/12/21 10:15,11/12/21 10:45
CWC04704,Chiller 4,RUL0022,11/12/21 12:00,11/12/21 16:00
CWC04704,Chiller 4,RUL0022,11/13/21 0:00,11/13/21 6:00
CWC04704,Chiller 4,RUL0018,11/13/21 10:14,11/13/21 23:59
CWC04704,Chiller 4,RUL0018,11/14/21 0:00,11/15/21 0:00
CWC04704,Chiller 4,RUL0018,11/15/21 0:00,11/15/21 16:30
CWC04704,Chiller 4,RUL0022,11/15/21 10:00,11/15/21 16:00
CWC04704,Chiller 4,RUL0022,11/16/21 0:00,11/16/21 16:00
CWC04704,Chiller 4,RUL0022,11/17/21 11:45,11/17/21 16:00
CWC04704,Chiller 4,RUL0022,11/18/21 0:00,11/18/21 6:00
CWC04704,Chiller 4,RUL0018,11/18/21 7:45,11/18/21 23:59
CWC04704,Chiller 4,RUL0018,11/19/21 0:00,11/20/21 0:00
CWC04704,Chiller 4,RUL0018,11/20/21 0:00,11/21/21 0:00
CWC04704,Chiller 4,RUL0018,11/21/21 0:00,11/22/21 0:00
CWC04704,Chiller 4,RUL0018,11/22/21 0:00,11/22/21 17:59
CWC04704,Chiller 4,RUL0018,11/22/21 18:04,11/23/21 0:00
CWC04704,Chiller 4,RUL0018,11/23/21 0:00,11/24/21 0:00
CWC04704,Chiller 4,RUL0018,11/24/21 0:00,11/24/21 22:16
CWC04704,Chiller 4,RUL0018,11/25/21 0:00,11/26/21 0:00
CWC04704,Chiller 4,RUL0018,11/26/21 0:00,11/26/21 5:28
CWC04704,Chiller 4,RUL0018,11/26/21 5:32,11/26/21 23:59
CWC04704,Chiller 4,RUL0018,11/27/21 0:00,11/27/21 12:20
CWC04704,Chiller 4,RUL0018,12/2/21 6:15,12/3/21 0:00
CWC04704,Chiller 4,RUL0018,12/3/21 0:00,12/3/21 22:02
CWC04704,Chiller 4,RUL0022,12/13/21 13:45,12/13/21 16:00
CWC04704,Chiller 4,RUL0022,12/14/21 0:00,12/14/21 0:45
CWC04704,Chiller 4,RUL0018,12/14/21 16:00,12/14/21 23:06
CWC04704,Chiller 4,RUL0022,8/30/22 7:00,8/30/22 11:30
CWC04704,Chiller 4,RUL0022,8/31/22 6:00,8/31/22 16:00
CWC04704,Chiller 4,RUL0022,9/1/22 0:00,9/1/22 16:00
CWC04704,Chiller 4,RUL0022,9/2/22 0:00,9/2/22 16:00
CWC04704,Chiller 4,RUL0022,9/3/22 0:00,9/3/22 16:00
CWC04704,Chiller 4,RUL0022,9/4/22 0:00,9/4/22 13:00
CWC04704,Chiller 4,RUL0022,10/12/22 8:15,10/12/22 16:00
CWC04704,Chiller 4,RUL0022,10/13/22 0:00,10/13/22 16:00
CWC04704,Chiller 4,RUL0022,10/14/22 0:00,10/14/22 9:45
CWC04704,Chiller 4,RUL0022,10/25/22 4:00,10/25/22 13:15
CWC04704,Chiller 4,RUL0022,10/26/22 3:15,10/26/22 10:15
CWC04704,Chiller 4,RUL0018,10/27/22 14:30,10/28/22 0:00
CWC04704,Chiller 4,RUL0018,10/28/22 0:00,10/28/22 16:05
CWC04704,Chiller 4,RUL0022,10/28/22 10:15,10/28/22 16:00
CWC04704,Chiller 4,RUL0022,10/31/22 2:30,10/31/22 16:00
CWC04704,Chiller 4,RUL0022,11/1/22 2:45,11/1/22 16:00
CWC04704,Chiller 4,RUL0022,11/2/22 0:00,11/2/22 16:00
CWC04704,Chiller 4,RUL0022,11/3/22 0:00,11/3/22 16:00
CWC04704,Chiller 4,RUL0022,11/4/22 0:00,11/4/22 16:00
CWC04704,Chiller 4,RUL0022,11/5/22 0:00,11/5/22 16:00
CWC04704,Chiller 4,RUL0022,11/6/22 0:00,11/6/22 17:00
CWC04704,Chiller 4,RUL0022,11/7/22 0:00,11/7/22 16:00
CWC04704,Chiller 4,RUL0022,11/8/22 0:00,11/8/22 16:00
CWC04704,Chiller 4,RUL0022,11/9/22 0:00,11/9/22 16:00
CWC04704,Chiller 4,RUL0022,11/10/22 0:00,11/10/22 16:00
CWC04704,Chiller 4,RUL0022,11/11/22 0:00,11/11/22 7:15
CWC04704,Chiller 4,RUL0022,11/14/22 5:45,11/14/22 16:00
CWC04704,Chiller 4,RUL0022,11/15/22 0:00,11/15/22 16:00
CWC04704,Chiller 4,RUL0022,11/16/22 0:00,11/16/22 8:00
CWC04704,Chiller 4,RUL0022,11/23/22 3:15,11/23/22 16:00
CWC04704,Chiller 4,RUL0018,11/24/22 0:00,11/24/22 9:13
CWC04704,Chiller 4,RUL0022,11/24/22 4:30,11/24/22 16:00
CWC04704,Chiller 4,RUL0022,11/25/22 0:00,11/25/22 16:00
CWC04704,Chiller 4,RUL0018,11/26/22 1:12,11/26/22 23:59
CWC04704,Chiller 4,RUL0018,11/27/22 0:00,11/28/22 0:00
CWC04704,Chiller 4,RUL0018,11/28/22 0:00,11/29/22 0:00
CWC04704,Chiller 4,RUL0022,11/29/22 0:00,11/29/22 16:00
CWC04704,Chiller 4,RUL0022,11/30/22 0:00,11/30/22 16:00
CWC04704,Chiller 4,RUL0022,12/1/22 0:00,12/1/22 16:00
CWC04704,Chiller 4,RUL0022,12/2/22 0:00,12/2/22 16:00
CWC04704,Chiller 4,RUL0022,12/3/22 0:00,12/3/22 16:00
CWC04704,Chiller 4,RUL0022,12/4/22 0:00,12/4/22 16:00
CWC04704,Chiller 4,RUL0022,12/5/22 0:00,12/5/22 16:00
CWC04704,Chiller 4,RUL0022,12/6/22 0:00,12/6/22 16:00
CWC04704,Chiller 4,RUL0018,12/7/22 2:45,12/7/22 9:15
CWC04704,Chiller 4,RUL0018,12/7/22 9:30,12/7/22 21:00
CWC04704,Chiller 4,RUL0018,12/8/22 0:00,12/9/22 0:00
CWC04704,Chiller 4,RUL0018,12/9/22 0:00,12/9/22 23:27
CWC04704,Chiller 4,RUL0022,12/10/22 0:00,12/10/22 16:00
CWC04704,Chiller 4,RUL0018,12/11/22 0:00,12/12/22 0:00
CWC04704,Chiller 4,RUL0018,12/12/22 0:00,12/12/22 12:33
CWC04704,Chiller 4,RUL0022,12/12/22 7:45,12/12/22 16:00
CWC04704,Chiller 4,RUL0022,12/13/22 0:00,12/13/22 16:00
CWC04704,Chiller 4,RUL0017,12/13/22 19:15,12/14/22 0:00
CWC04704,Chiller 4,RUL0017,12/14/22 0:00,12/15/22 0:00
CWC04704,Chiller 4,RUL0017,12/15/22 0:00,12/16/22 0:00
CWC04704,Chiller 4,RUL0017,12/16/22 0:00,12/17/22 0:00
CWC04704,Chiller 4,RUL0017,12/17/22 0:00,12/18/22 0:00
CWC04704,Chiller 4,RUL0017,12/18/22 0:00,12/19/22 0:00
CWC04704,Chiller 4,RUL0017,12/19/22 0:00,12/20/22 0:00
CWC04704,Chiller 4,RUL0017,12/20/22 0:00,12/21/22 0:00
CWC04704,Chiller 4,RUL0017,12/21/22 0:00,12/22/22 0:00
CWC04704,Chiller 4,RUL0017,12/22/22 0:00,12/23/22 0:00
CWC04704,Chiller 4,RUL0017,12/23/22 0:00,12/24/22 0:00
CWC04704,Chiller 4,RUL0017,12/24/22 0:00,12/25/22 0:00
CWC04704,Chiller 4,RUL0017,12/25/22 0:00,12/26/22 0:00
CWC04704,Chiller 4,RUL0017,12/26/22 0:00,12/27/22 0:00
CWC04704,Chiller 4,RUL0017,12/27/22 0:00,12/28/22 0:00
CWC04704,Chiller 4,RUL0017,12/28/22 0:00,12/29/22 0:00
CWC04704,Chiller 4,RUL0017,12/29/22 0:00,12/30/22 0:00
CWC04704,Chiller 4,RUL0017,12/30/22 0:00,12/31/22 0:00
CWC04704,Chiller 4,RUL0017,12/31/22 0:00,1/1/23 0:00
CWC04704,Chiller 4,RUL0017,1/1/23 0:00,1/2/23 0:00
CWC04704,Chiller 4,RUL0017,1/2/23 0:00,1/3/23 0:00
CWC04704,Chiller 4,RUL0017,1/3/23 0:00,1/4/23 0:00
CWC04704,Chiller 4,RUL0017,1/4/23 0:00,1/5/23 0:00
CWC04704,Chiller 4,RUL0017,1/5/23 0:00,1/6/23 0:00
CWC04704,Chiller 4,RUL0017,1/6/23 0:00,1/7/23 0:00
CWC04704,Chiller 4,RUL0017,1/7/23 0:00,1/8/23 0:00
CWC04704,Chiller 4,RUL0017,1/8/23 0:00,1/9/23 0:00
CWC04704,Chiller 4,RUL0017,1/9/23 0:00,1/10/23 0:00
CWC04704,Chiller 4,RUL0017,1/10/23 0:00,1/11/23 0:00
CWC04704,Chiller 4,RUL0017,1/11/23 0:00,1/12/23 0:00
CWC04704,Chiller 4,RUL0018,1/11/23 12:45,1/12/23 0:00
CWC04704,Chiller 4,RUL0012,1/11/23 12:45,1/12/23 0:00
CWC04704,Chiller 4,RUL0017,1/12/23 0:00,1/13/23 0:00
CWC04704,Chiller 4,RUL0018,1/12/23 0:00,1/12/23 9:45
CWC04704,Chiller 4,RUL0012,1/12/23 0:00,1/12/23 9:45
CWC04704,Chiller 4,RUL0018,1/12/23 11:45,1/12/23 16:30
CWC04704,Chiller 4,RUL0012,1/12/23 11:45,1/13/23 0:00
CWC04704,Chiller 4,RUL0022,1/13/23 0:00,1/13/23 16:00
CWC04704,Chiller 4,RUL0022,1/18/23 6:15,1/18/23 16:00
CWC04704,Chiller 4,RUL0022,1/19/23 0:00,1/19/23 16:00
CWC04704,Chiller 4,RUL0022,1/20/23 0:00,1/20/23 0:15
CWC04704,Chiller 4,RUL0018,2/10/23 8:30,2/11/23 0:00
CWC04704,Chiller 4,RUL0018,2/11/23 0:00,2/11/23 21:40
CWC04704,Chiller 4,RUL0022,2/14/23 4:15,2/14/23 9:30
CWC04704,Chiller 4,RUL0022,2/16/23 8:45,2/16/23 16:00
CWC04704,Chiller 4,RUL0022,2/17/23 0:00,2/17/23 16:00
CWC04704,Chiller 4,RUL0022,2/20/23 4:00,2/20/23 16:00
CWC04704,Chiller 4,RUL0022,2/21/23 0:00,2/21/23 10:00
CWC04704,Chiller 4,RUL0018,2/21/23 11:24,2/21/23 23:59
CWC04704,Chiller 4,RUL0018,2/22/23 0:00,2/22/23 5:53
CWC04704,Chiller 4,RUL0022,3/2/23 7:30,3/2/23 16:00
CWC04704,Chiller 4,RUL0022,3/3/23 0:00,3/3/23 2:00
CWC04704,Chiller 4,RUL0022,3/13/23 9:45,3/13/23 16:00
CWC04704,Chiller 4,RUL0022,3/14/23 0:00,3/14/23 16:00
CWC04704,Chiller 4,RUL0022,3/15/23 0:00,3/15/23 8:00
CWC04704,Chiller 4,RUL0022,3/21/23 7:15,3/21/23 16:00
CWC04704,Chiller 4,RUL0022,3/22/23 0:00,3/22/23 16:00
CWC04704,Chiller 4,RUL0022,3/23/23 0:00,3/23/23 16:00
CWC04704,Chiller 4,RUL0022,3/24/23 0:00,3/24/23 14:45
CWC04704,Chiller 4,RUL0022,3/29/23 3:45,3/29/23 12:15
CWC04704,Chiller 4,RUL0018,3/29/23 13:54,3/29/23 23:59
CWC04704,Chiller 4,RUL0018,3/30/23 0:00,3/30/23 20:12
CWC04704,Chiller 4,RUL0022,3/30/23 15:00,3/30/23 16:00
CWC04704,Chiller 4,RUL0022,3/31/23 0:00,3/31/23 2:15
CWC04006,Chiller 6,RUL0017,1/4/19 0:00,1/5/19 0:00
CWC04006,Chiller 6,RUL0012,1/4/19 0:00,1/5/19 0:00
CWC04006,Chiller 6,RUL0017,1/5/19 0:00,1/6/19 0:00
CWC04006,Chiller 6,RUL0012,1/5/19 0:00,1/6/19 0:00
CWC04006,Chiller 6,RUL0017,1/6/19 0:00,1/7/19 0:00
CWC04006,Chiller 6,RUL0012,1/6/19 0:00,1/7/19 0:00
CWC04006,Chiller 6,RUL0017,1/7/19 0:00,1/8/19 0:00
CWC04006,Chiller 6,RUL0012,1/7/19 0:00,1/8/19 0:00
CWC04006,Chiller 6,RUL0017,1/8/19 0:00,1/9/19 0:00
CWC04006,Chiller 6,RUL0012,1/8/19 0:00,1/8/19 13:15
CWC04006,Chiller 6,RUL0017,1/9/19 0:00,1/10/19 0:00
CWC04006,Chiller 6,RUL0012,1/9/19 12:00,1/10/19 0:00
CWC04006,Chiller 6,RUL0017,1/10/19 0:00,1/11/19 0:00
CWC04006,Chiller 6,RUL0012,1/10/19 0:00,1/11/19 0:00
CWC04006,Chiller 6,RUL0017,1/11/19 0:00,1/12/19 0:00
CWC04006,Chiller 6,RUL0012,1/11/19 0:00,1/12/19 0:00
CWC04006,Chiller 6,RUL0017,1/12/19 0:00,1/13/19 0:00
CWC04006,Chiller 6,RUL0012,1/12/19 0:00,1/13/19 0:00
CWC04006,Chiller 6,RUL0017,1/13/19 0:00,1/14/19 0:00
CWC04006,Chiller 6,RUL0012,1/13/19 0:00,1/14/19 0:00
CWC04006,Chiller 6,RUL0017,1/14/19 0:00,1/15/19 0:00
CWC04006,Chiller 6,RUL0012,1/14/19 0:00,1/15/19 0:00
CWC04006,Chiller 6,RUL0017,1/15/19 0:00,1/16/19 0:00
CWC04006,Chiller 6,RUL0012,1/15/19 0:00,1/16/19 0:00
CWC04006,Chiller 6,RUL0017,1/16/19 0:00,1/17/19 0:00
CWC04006,Chiller 6,RUL0012,1/16/19 0:00,1/17/19 0:00
CWC04006,Chiller 6,RUL0017,1/17/19 0:00,1/18/19 0:00
CWC04006,Chiller 6,RUL0012,1/17/19 0:00,1/18/19 0:00
CWC04006,Chiller 6,RUL0017,1/18/19 0:00,1/19/19 0:00
CWC04006,Chiller 6,RUL0012,1/18/19 0:00,1/19/19 0:00
CWC04006,Chiller 6,RUL0017,1/19/19 0:00,1/20/19 0:00
CWC04006,Chiller 6,RUL0012,1/19/19 0:00,1/20/19 0:00
CWC04006,Chiller 6,RUL0017,1/20/19 0:00,1/21/19 0:00
CWC04006,Chiller 6,RUL0012,1/20/19 0:00,1/21/19 0:00
CWC04006,Chiller 6,RUL0017,1/21/19 0:00,1/22/19 0:00
CWC04006,Chiller 6,RUL0012,1/21/19 0:00,1/22/19 0:00
CWC04006,Chiller 6,RUL0017,1/22/19 0:00,1/23/19 0:00
CWC04006,Chiller 6,RUL0012,1/22/19 0:00,1/22/19 13:00
CWC04006,Chiller 6,RUL0012,1/22/19 15:00,1/23/19 0:00
CWC04006,Chiller 6,RUL0017,1/23/19 0:00,1/24/19 0:00
CWC04006,Chiller 6,RUL0012,1/23/19 0:00,1/24/19 0:00
CWC04006,Chiller 6,RUL0017,1/24/19 0:00,1/25/19 0:00
CWC04006,Chiller 6,RUL0012,1/24/19 0:00,1/25/19 0:00
CWC04006,Chiller 6,RUL0017,1/25/19 0:00,1/26/19 0:00
CWC04006,Chiller 6,RUL0012,1/25/19 0:00,1/26/19 0:00
CWC04006,Chiller 6,RUL0017,1/26/19 0:00,1/27/19 0:00
CWC04006,Chiller 6,RUL0012,1/26/19 0:00,1/27/19 0:00
CWC04006,Chiller 6,RUL0017,1/27/19 0:00,1/28/19 0:00
CWC04006,Chiller 6,RUL0012,1/27/19 0:00,1/28/19 0:00
CWC04006,Chiller 6,RUL0017,1/28/19 0:00,1/29/19 0:00
CWC04006,Chiller 6,RUL0012,1/28/19 0:00,1/29/19 0:00
CWC04006,Chiller 6,RUL0017,1/29/19 0:00,1/30/19 0:00
CWC04006,Chiller 6,RUL0012,1/29/19 0:00,1/30/19 0:00
CWC04006,Chiller 6,RUL0017,1/30/19 0:00,1/31/19 0:00
CWC04006,Chiller 6,RUL0012,1/30/19 0:00,1/31/19 0:00
CWC04006,Chiller 6,RUL0017,1/31/19 0:00,2/1/19 0:00
CWC04006,Chiller 6,RUL0012,1/31/19 0:00,2/1/19 0:00
CWC04006,Chiller 6,RUL0017,2/1/19 0:00,2/2/19 0:00
CWC04006,Chiller 6,RUL0012,2/1/19 0:00,2/2/19 0:00
CWC04006,Chiller 6,RUL0017,2/2/19 0:00,2/3/19 0:00
CWC04006,Chiller 6,RUL0012,2/2/19 0:00,2/3/19 0:00
CWC04006,Chiller 6,RUL0017,2/3/19 0:00,2/4/19 0:00
CWC04006,Chiller 6,RUL0012,2/3/19 0:00,2/4/19 0:00
CWC04006,Chiller 6,RUL0017,2/4/19 0:00,2/5/19 0:00
CWC04006,Chiller 6,RUL0012,2/4/19 0:00,2/5/19 0:00
CWC04006,Chiller 6,RUL0017,2/5/19 0:00,2/6/19 0:00
CWC04006,Chiller 6,RUL0012,2/5/19 0:00,2/6/19 0:00
CWC04006,Chiller 6,RUL0017,2/6/19 0:00,2/7/19 0:00
CWC04006,Chiller 6,RUL0012,2/6/19 0:00,2/7/19 0:00
CWC04006,Chiller 6,RUL0017,2/7/19 0:00,2/8/19 0:00
CWC04006,Chiller 6,RUL0012,2/7/19 0:00,2/7/19 2:30
CWC04006,Chiller 6,RUL0012,2/7/19 11:00,2/7/19 13:00
CWC04006,Chiller 6,RUL0012,2/7/19 13:30,2/8/19 0:00
CWC04006,Chiller 6,RUL0017,2/8/19 0:00,2/9/19 0:00
CWC04006,Chiller 6,RUL0012,2/8/19 0:00,2/8/19 10:30
CWC04006,Chiller 6,RUL0012,2/8/19 13:30,2/9/19 0:00
CWC04006,Chiller 6,RUL0017,2/9/19 0:00,2/10/19 0:00
CWC04006,Chiller 6,RUL0017,2/10/19 0:00,2/11/19 0:00
CWC04006,Chiller 6,RUL0017,2/11/19 0:00,2/12/19 0:00
CWC04006,Chiller 6,RUL0017,2/12/19 0:00,2/13/19 0:00
CWC04006,Chiller 6,RUL0012,2/12/19 10:45,2/13/19 0:00
CWC04006,Chiller 6,RUL0017,2/13/19 0:00,2/14/19 0:00
CWC04006,Chiller 6,RUL0012,2/13/19 0:00,2/14/19 0:00
CWC04006,Chiller 6,RUL0017,2/14/19 0:00,2/15/19 0:00
CWC04006,Chiller 6,RUL0012,2/14/19 0:00,2/15/19 0:00
CWC04006,Chiller 6,RUL0017,2/15/19 0:00,2/16/19 0:00
CWC04006,Chiller 6,RUL0012,2/15/19 0:00,2/16/19 0:00
CWC04006,Chiller 6,RUL0017,2/16/19 0:00,2/17/19 0:00
CWC04006,Chiller 6,RUL0012,2/16/19 0:00,2/17/19 0:00
CWC04006,Chiller 6,RUL0017,2/17/19 0:00,2/18/19 0:00
CWC04006,Chiller 6,RUL0012,2/17/19 0:00,2/18/19 0:00
CWC04006,Chiller 6,RUL0017,2/18/19 0:00,2/19/19 0:00
CWC04006,Chiller 6,RUL0012,2/18/19 0:00,2/18/19 9:45
CWC04006,Chiller 6,RUL0012,2/18/19 12:00,2/19/19 0:00
CWC04006,Chiller 6,RUL0017,2/19/19 0:00,2/20/19 0:00
CWC04006,Chiller 6,RUL0012,2/19/19 0:00,2/20/19 0:00
CWC04006,Chiller 6,RUL0017,2/20/19 0:00,2/21/19 0:00
CWC04006,Chiller 6,RUL0012,2/20/19 0:00,2/21/19 0:00
CWC04006,Chiller 6,RUL0017,2/21/19 0:00,2/22/19 0:00
CWC04006,Chiller 6,RUL0012,2/21/19 0:00,2/22/19 0:00
CWC04006,Chiller 6,RUL0017,2/22/19 0:00,2/23/19 0:00
CWC04006,Chiller 6,RUL0012,2/22/19 0:00,2/23/19 0:00
CWC04006,Chiller 6,RUL0017,2/23/19 0:00,2/24/19 0:00
CWC04006,Chiller 6,RUL0012,2/23/19 0:00,2/24/19 0:00
CWC04006,Chiller 6,RUL0017,2/24/19 0:00,2/25/19 0:00
CWC04006,Chiller 6,RUL0012,2/24/19 0:00,2/25/19 0:00
CWC04006,Chiller 6,RUL0017,2/25/19 0:00,2/26/19 0:00
CWC04006,Chiller 6,RUL0012,2/25/19 0:00,2/26/19 0:00
CWC04006,Chiller 6,RUL0017,2/26/19 0:00,2/27/19 0:00
CWC04006,Chiller 6,RUL0012,2/26/19 0:00,2/27/19 0:00
CWC04006,Chiller 6,RUL0017,2/27/19 0:00,2/28/19 0:00
CWC04006,Chiller 6,RUL0012,2/27/19 0:00,2/28/19 0:00
CWC04006,Chiller 6,RUL0017,2/28/19 0:00,3/1/19 0:00
CWC04006,Chiller 6,RUL0012,2/28/19 0:00,3/1/19 0:00
CWC04006,Chiller 6,RUL0017,3/1/19 0:00,3/2/19 0:00
CWC04006,Chiller 6,RUL0012,3/1/19 0:00,3/2/19 0:00
CWC04006,Chiller 6,RUL0017,3/2/19 0:00,3/3/19 0:00
CWC04006,Chiller 6,RUL0012,3/2/19 0:00,3/3/19 0:00
CWC04006,Chiller 6,RUL0017,3/3/19 0:00,3/4/19 0:00
CWC04006,Chiller 6,RUL0012,3/3/19 0:00,3/4/19 0:00
CWC04006,Chiller 6,RUL0017,3/4/19 0:00,3/5/19 0:00
CWC04006,Chiller 6,RUL0012,3/4/19 0:00,3/4/19 9:45
CWC04006,Chiller 6,RUL0017,3/5/19 0:00,3/6/19 0:00
CWC04006,Chiller 6,RUL0017,3/6/19 0:00,3/7/19 0:00
CWC04006,Chiller 6,RUL0017,3/7/19 0:00,3/8/19 0:00
CWC04006,Chiller 6,RUL0017,3/8/19 0:00,3/9/19 0:00
CWC04006,Chiller 6,RUL0017,3/9/19 0:00,3/10/19 0:00
CWC04006,Chiller 6,RUL0017,3/10/19 0:00,3/10/19 23:00
CWC04006,Chiller 6,RUL0017,3/11/19 0:00,3/12/19 0:00
CWC04006,Chiller 6,RUL0017,3/12/19 0:00,3/13/19 0:00
CWC04006,Chiller 6,RUL0017,3/13/19 0:00,3/14/19 0:00
CWC04006,Chiller 6,RUL0017,3/14/19 0:00,3/15/19 0:00
CWC04006,Chiller 6,RUL0017,3/15/19 0:00,3/16/19 0:00
CWC04006,Chiller 6,RUL0017,3/16/19 0:00,3/17/19 0:00
CWC04006,Chiller 6,RUL0017,3/17/19 0:00,3/18/19 0:00
CWC04006,Chiller 6,RUL0017,3/18/19 0:00,3/19/19 0:00
CWC04006,Chiller 6,RUL0017,3/19/19 0:00,3/20/19 0:00
CWC04006,Chiller 6,RUL0017,3/20/19 0:00,3/21/19 0:00
CWC04006,Chiller 6,RUL0017,3/21/19 0:00,3/22/19 0:00
CWC04006,Chiller 6,RUL0017,3/22/19 0:00,3/23/19 0:00
CWC04006,Chiller 6,RUL0017,3/23/19 0:00,3/24/19 0:00
CWC04006,Chiller 6,RUL0017,3/24/19 0:00,3/25/19 0:00
CWC04006,Chiller 6,RUL0017,3/25/19 0:00,3/26/19 0:00
CWC04006,Chiller 6,RUL0017,3/26/19 0:00,3/27/19 0:00
CWC04006,Chiller 6,RUL0017,3/27/19 0:00,3/28/19 0:00
CWC04006,Chiller 6,RUL0017,3/28/19 0:00,3/29/19 0:00
CWC04006,Chiller 6,RUL0017,3/29/19 0:00,3/30/19 0:00
CWC04006,Chiller 6,RUL0017,3/30/19 0:00,3/31/19 0:00
CWC04006,Chiller 6,RUL0017,3/31/19 0:00,4/1/19 0:00
CWC04006,Chiller 6,RUL0017,4/1/19 0:00,4/2/19 0:00
CWC04006,Chiller 6,RUL0017,4/2/19 0:00,4/3/19 0:00
CWC04006,Chiller 6,RUL0017,4/3/19 0:00,4/4/19 0:00
CWC04006,Chiller 6,RUL0017,4/4/19 0:00,4/5/19 0:00
CWC04006,Chiller 6,RUL0017,4/5/19 0:00,4/6/19 0:00
CWC04006,Chiller 6,RUL0017,4/6/19 0:00,4/7/19 0:00
CWC04006,Chiller 6,RUL0017,4/7/19 0:00,4/8/19 0:00
CWC04006,Chiller 6,RUL0017,4/8/19 0:00,4/9/19 0:00
CWC04006,Chiller 6,RUL0017,4/9/19 0:00,4/10/19 0:00
CWC04006,Chiller 6,RUL0017,4/10/19 0:00,4/11/19 0:00
CWC04006,Chiller 6,RUL0017,4/11/19 0:00,4/12/19 0:00
CWC04006,Chiller 6,RUL0017,4/12/19 0:00,4/13/19 0:00
CWC04006,Chiller 6,RUL0017,4/13/19 0:00,4/14/19 0:00
CWC04006,Chiller 6,RUL0017,4/14/19 0:00,4/15/19 0:00
CWC04006,Chiller 6,RUL0017,4/15/19 0:00,4/16/19 0:00
CWC04006,Chiller 6,RUL0017,4/16/19 0:00,4/17/19 0:00
CWC04006,Chiller 6,RUL0017,4/17/19 0:00,4/18/19 0:00
CWC04006,Chiller 6,RUL0017,4/18/19 0:00,4/19/19 0:00
CWC04006,Chiller 6,RUL0017,4/19/19 0:00,4/19/19 23:58
CWC04006,Chiller 6,RUL0017,4/21/19 0:00,4/22/19 0:00
CWC04006,Chiller 6,RUL0017,4/22/19 0:00,4/22/19 15:15
CWC04006,Chiller 6,RUL0018,3/24/20 10:15,3/24/20 22:30
CWC04006,Chiller 6,RUL0018,5/15/20 12:00,5/15/20 17:15
CWC04006,Chiller 6,RUL0018,5/22/20 12:15,5/22/20 19:00
CWC04006,Chiller 6,RUL0018,5/26/20 11:15,5/26/20 18:45
CWC04006,Chiller 6,RUL0018,5/29/20 14:30,5/29/20 18:15
CWC04006,Chiller 6,RUL0021,6/6/20 11:42,6/6/20 23:59
CWC04006,Chiller 6,RUL0021,6/7/20 0:00,6/8/20 0:00
CWC04006,Chiller 6,RUL0021,6/8/20 0:00,6/8/20 8:00
CWC04006,Chiller 6,RUL0021,10/13/20 13:25,10/14/20 0:00
CWC04006,Chiller 6,RUL0021,10/14/20 0:00,10/14/20 14:12
CWC04006,Chiller 6,RUL0021,10/21/20 16:11,10/21/20 23:59
CWC04006,Chiller 6,RUL0021,10/22/20 0:00,10/22/20 10:06
CWC04006,Chiller 6,RUL0021,10/26/20 0:00,10/26/20 11:15
CWC04006,Chiller 6,RUL0018,11/30/20 12:15,11/30/20 21:15
CWC04006,Chiller 6,RUL0021,5/20/21 16:17,5/20/21 23:59
CWC04006,Chiller 6,RUL0021,5/21/21 0:00,5/22/21 0:00
CWC04006,Chiller 6,RUL0021,9/17/21 14:04,9/18/21 0:00
CWC04006,Chiller 6,RUL0021,9/18/21 0:00,9/19/21 0:00
CWC04006,Chiller 6,RUL0021,9/19/21 0:00,9/20/21 0:00
CWC04006,Chiller 6,RUL0021,9/20/21 0:00,9/20/21 10:15
CWC04006,Chiller 6,RUL0021,9/21/21 16:21,9/21/21 23:59
CWC04006,Chiller 6,RUL0021,9/22/21 0:00,9/22/21 11:30
CWC04006,Chiller 6,RUL0022,9/22/21 9:00,9/22/21 16:00
CWC04006,Chiller 6,RUL0022,9/23/21 5:45,9/23/21 12:00
CWC04006,Chiller 6,RUL0021,9/23/21 15:27,9/24/21 0:00
CWC04006,Chiller 6,RUL0021,9/24/21 0:00,9/24/21 8:11
CWC04006,Chiller 6,RUL0022,9/24/21 4:00,9/24/21 8:15
CWC04006,Chiller 6,RUL0022,9/25/21 5:30,9/25/21 16:00
CWC04006,Chiller 6,RUL0022,9/26/21 0:00,9/26/21 14:30
CWC04006,Chiller 6,RUL0022,9/27/21 5:00,9/27/21 13:00
CWC04006,Chiller 6,RUL0021,9/27/21 15:33,9/27/21 23:59
CWC04006,Chiller 6,RUL0021,9/28/21 0:00,9/28/21 13:08
CWC04006,Chiller 6,RUL0022,9/28/21 9:45,9/28/21 16:00
CWC04006,Chiller 6,RUL0022,9/29/21 0:00,9/29/21 16:00
CWC04006,Chiller 6,RUL0022,9/30/21 0:00,9/30/21 16:00
CWC04006,Chiller 6,RUL0022,10/1/21 0:00,10/1/21 12:00
CWC04006,Chiller 6,RUL0021,10/1/21 15:30,10/2/21 0:00
CWC04006,Chiller 6,RUL0021,10/2/21 0:00,10/3/21 0:00
CWC04006,Chiller 6,RUL0021,10/3/21 0:00,10/4/21 0:00
CWC04006,Chiller 6,RUL0021,10/4/21 0:00,10/4/21 9:29
CWC04006,Chiller 6,RUL0022,10/4/21 7:30,10/4/21 9:30
CWC04006,Chiller 6,RUL0021,10/4/21 15:30,10/4/21 23:59
CWC04006,Chiller 6,RUL0021,10/5/21 0:00,10/6/21 0:00
CWC04006,Chiller 6,RUL0021,10/6/21 0:00,10/6/21 9:24
CWC04006,Chiller 6,RUL0021,10/6/21 15:33,10/7/21 0:00
CWC04006,Chiller 6,RUL0021,10/7/21 0:00,10/7/21 10:11
CWC04006,Chiller 6,RUL0022,10/19/21 6:45,10/19/21 13:30
CWC04006,Chiller 6,RUL0021,10/19/21 15:30,10/20/21 0:00
CWC04006,Chiller 6,RUL0021,10/20/21 0:00,10/21/21 0:00
CWC04006,Chiller 6,RUL0021,10/21/21 0:00,10/22/21 0:00
CWC04006,Chiller 6,RUL0021,10/22/21 0:00,10/23/21 0:00
CWC04006,Chiller 6,RUL0021,10/23/21 0:00,10/24/21 0:00
CWC04006,Chiller 6,RUL0021,10/24/21 0:00,10/25/21 0:00
CWC04006,Chiller 6,RUL0021,10/25/21 0:00,10/26/21 0:00
CWC04006,Chiller 6,RUL0021,10/26/21 0:00,10/26/21 8:19
CWC04006,Chiller 6,RUL0022,10/26/21 2:30,10/26/21 16:00
CWC04006,Chiller 6,RUL0022,10/27/21 0:00,10/27/21 16:00
CWC04006,Chiller 6,RUL0022,10/28/21 0:00,10/28/21 16:00
CWC04006,Chiller 6,RUL0022,10/29/21 0:00,10/29/21 16:00
CWC04006,Chiller 6,RUL0022,10/30/21 0:00,10/30/21 16:00
CWC04006,Chiller 6,RUL0022,10/31/21 0:00,10/31/21 16:00
CWC04006,Chiller 6,RUL0022,11/1/21 0:00,11/1/21 1:30
CWC04006,Chiller 6,RUL0021,11/2/21 15:22,11/3/21 0:00
CWC04006,Chiller 6,RUL0021,11/3/21 0:00,11/3/21 13:03
CWC04006,Chiller 6,RUL0021,11/3/21 15:36,11/3/21 23:59
CWC04006,Chiller 6,RUL0021,11/4/21 0:00,11/4/21 8:16
CWC04006,Chiller 6,RUL0021,11/4/21 8:47,11/4/21 12:45
CWC04006,Chiller 6,RUL0021,11/4/21 15:36,11/5/21 0:00
CWC04006,Chiller 6,RUL0021,11/5/21 0:00,11/5/21 15:00
CWC04006,Chiller 6,RUL0021,11/5/21 15:55,11/5/21 23:59
CWC04006,Chiller 6,RUL0021,11/6/21 0:00,11/7/21 0:00
CWC04006,Chiller 6,RUL0021,11/7/21 0:00,11/8/21 1:00
CWC04006,Chiller 6,RUL0021,11/8/21 0:00,11/9/21 0:00
CWC04006,Chiller 6,RUL0021,11/9/21 0:00,11/9/21 13:15
CWC04006,Chiller 6,RUL0022,11/9/21 9:30,11/9/21 16:00
CWC04006,Chiller 6,RUL0022,11/10/21 0:00,11/10/21 8:15
CWC04006,Chiller 6,RUL0022,11/11/21 9:45,11/11/21 16:00
CWC04006,Chiller 6,RUL0021,11/12/21 0:00,11/12/21 10:39
CWC04006,Chiller 6,RUL0022,11/12/21 10:15,11/12/21 10:45
CWC04006,Chiller 6,RUL0022,11/12/21 12:00,11/12/21 16:00
CWC04006,Chiller 6,RUL0022,11/13/21 0:00,11/13/21 6:00
CWC04006,Chiller 6,RUL0022,11/15/21 10:00,11/15/21 16:00
CWC04006,Chiller 6,RUL0022,11/16/21 0:00,11/16/21 1:45
CWC04006,Chiller 6,RUL0022,11/17/21 9:30,11/17/21 16:00
CWC04006,Chiller 6,RUL0022,11/18/21 0:00,11/18/21 6:30
CWC04006,Chiller 6,RUL0021,11/27/21 12:20,11/28/21 0:00
CWC04006,Chiller 6,RUL0021,11/28/21 0:00,11/29/21 0:00
CWC04006,Chiller 6,RUL0021,11/29/21 0:00,11/29/21 9:27
CWC04006,Chiller 6,RUL0021,11/29/21 12:15,11/30/21 0:00
CWC04006,Chiller 6,RUL0021,11/30/21 0:00,11/30/21 9:43
CWC04006,Chiller 6,RUL0022,11/30/21 5:30,11/30/21 16:00
CWC04006,Chiller 6,RUL0022,12/1/21 0:00,12/1/21 13:45
CWC04006,Chiller 6,RUL0018,12/2/21 9:30,12/2/21 21:45
CWC04006,Chiller 6,RUL0022,9/2/22 5:30,9/2/22 16:00
CWC04006,Chiller 6,RUL0022,9/3/22 0:00,9/3/22 16:00
CWC04006,Chiller 6,RUL0022,9/4/22 0:00,9/4/22 13:00
CWC04006,Chiller 6,RUL0021,9/5/22 0:00,9/6/22 0:00
CWC04006,Chiller 6,RUL0021,9/6/22 0:00,9/7/22 0:00
CWC04006,Chiller 6,RUL0021,9/7/22 0:00,9/8/22 0:00
CWC04006,Chiller 6,RUL0021,9/8/22 0:00,9/9/22 0:00
CWC04006,Chiller 6,RUL0021,9/9/22 0:00,9/10/22 0:00
CWC04006,Chiller 6,RUL0021,9/10/22 0:00,9/11/22 0:00
CWC04006,Chiller 6,RUL0021,9/11/22 0:00,9/12/22 0:00
CWC04006,Chiller 6,RUL0021,9/12/22 0:00,9/13/22 0:00
CWC04006,Chiller 6,RUL0021,9/13/22 0:00,9/14/22 0:00
CWC04006,Chiller 6,RUL0021,9/14/22 0:00,9/15/22 0:00
CWC04006,Chiller 6,RUL0021,9/15/22 0:00,9/16/22 0:00
CWC04006,Chiller 6,RUL0021,9/16/22 0:00,9/17/22 0:00
CWC04006,Chiller 6,RUL0021,9/17/22 0:00,9/18/22 0:00
CWC04006,Chiller 6,RUL0021,9/18/22 0:00,9/19/22 0:00
CWC04006,Chiller 6,RUL0021,9/19/22 0:00,9/20/22 0:00
CWC04006,Chiller 6,RUL0021,9/20/22 0:00,9/21/22 0:00
CWC04006,Chiller 6,RUL0021,9/21/22 0:00,9/22/22 0:00
CWC04006,Chiller 6,RUL0021,9/22/22 0:00,9/23/22 0:00
CWC04006,Chiller 6,RUL0021,9/23/22 0:00,9/24/22 0:00
CWC04006,Chiller 6,RUL0021,9/24/22 0:00,9/25/22 0:00
CWC04006,Chiller 6,RUL0021,9/25/22 0:00,9/26/22 0:00
CWC04006,Chiller 6,RUL0021,9/26/22 0:00,9/27/22 0:00
CWC04006,Chiller 6,RUL0022,10/12/22 8:15,10/12/22 16:00
CWC04006,Chiller 6,RUL0022,10/13/22 0:00,10/13/22 16:00
CWC04006,Chiller 6,RUL0022,10/14/22 0:00,10/14/22 16:00
CWC04006,Chiller 6,RUL0022,10/15/22 0:00,10/15/22 16:00
CWC04006,Chiller 6,RUL0022,10/16/22 0:00,10/16/22 16:00
CWC04006,Chiller 6,RUL0022,10/17/22 0:00,10/17/22 16:00
CWC04006,Chiller 6,RUL0022,10/18/22 7:00,10/18/22 16:00
CWC04006,Chiller 6,RUL0022,10/19/22 0:00,10/19/22 12:00
CWC04006,Chiller 6,RUL0021,10/19/22 14:59,10/20/22 0:00
CWC04006,Chiller 6,RUL0021,10/20/22 0:00,10/21/22 0:00
CWC04006,Chiller 6,RUL0021,10/21/22 0:00,10/22/22 0:00
CWC04006,Chiller 6,RUL0021,10/22/22 0:00,10/23/22 0:00
CWC04006,Chiller 6,RUL0021,10/23/22 0:00,10/24/22 0:00
CWC04006,Chiller 6,RUL0021,10/24/22 0:00,10/25/22 0:00
CWC04006,Chiller 6,RUL0021,10/25/22 0:00,10/25/22 8:42
CWC04006,Chiller 6,RUL0022,10/25/22 4:00,10/25/22 13:15
CWC04006,Chiller 6,RUL0021,10/25/22 15:26,10/25/22 23:59
CWC04006,Chiller 6,RUL0021,10/26/22 0:00,10/26/22 9:45
CWC04006,Chiller 6,RUL0022,10/26/22 3:45,10/26/22 10:00
CWC04006,Chiller 6,RUL0021,10/26/22 12:07,10/26/22 23:59
CWC04006,Chiller 6,RUL0021,10/27/22 0:00,10/27/22 14:18
CWC04006,Chiller 6,RUL0021,10/28/22 18:28,10/28/22 23:59
CWC04006,Chiller 6,RUL0021,10/29/22 0:00,10/30/22 0:00
CWC04006,Chiller 6,RUL0021,10/30/22 0:00,10/31/22 0:00
CWC04006,Chiller 6,RUL0021,10/31/22 0:00,10/31/22 7:57
CWC04006,Chiller 6,RUL0022,10/31/22 2:30,10/31/22 16:00
CWC04006,Chiller 6,RUL0021,10/31/22 19:14,11/1/22 0:00
CWC04006,Chiller 6,RUL0021,11/1/22 0:00,11/1/22 7:47
CWC04006,Chiller 6,RUL0022,11/1/22 2:30,11/1/22 10:45
CWC04006,Chiller 6,RUL0022,11/3/22 3:30,11/3/22 16:00
CWC04006,Chiller 6,RUL0022,11/4/22 0:00,11/4/22 16:00
CWC04006,Chiller 6,RUL0022,11/5/22 0:00,11/5/22 16:00
CWC04006,Chiller 6,RUL0022,11/6/22 0:00,11/6/22 17:00
CWC04006,Chiller 6,RUL0022,11/7/22 0:00,11/7/22 16:00
CWC04006,Chiller 6,RUL0022,11/8/22 0:00,11/8/22 8:00
CWC04006,Chiller 6,RUL0022,11/9/22 4:15,11/9/22 16:00
CWC04006,Chiller 6,RUL0022,11/10/22 0:00,11/10/22 16:00
CWC04006,Chiller 6,RUL0022,11/11/22 0:00,11/11/22 7:15
CWC04006,Chiller 6,RUL0021,11/11/22 10:08,11/11/22 23:59
CWC04006,Chiller 6,RUL0021,11/12/22 0:00,11/13/22 0:00
CWC04006,Chiller 6,RUL0021,11/13/22 0:00,11/14/22 0:00
CWC04006,Chiller 6,RUL0021,11/14/22 0:00,11/14/22 12:25
CWC04006,Chiller 6,RUL0022,11/14/22 5:45,11/14/22 16:00
CWC04006,Chiller 6,RUL0022,11/15/22 0:00,11/15/22 16:00
CWC04006,Chiller 6,RUL0022,11/16/22 0:00,11/16/22 16:00
CWC04006,Chiller 6,RUL0022,11/17/22 0:00,11/17/22 16:00
CWC04006,Chiller 6,RUL0022,11/18/22 0:00,11/18/22 16:00
CWC04006,Chiller 6,RUL0022,11/20/22 3:00,11/20/22 16:00
CWC04006,Chiller 6,RUL0022,11/21/22 0:00,11/21/22 16:00
CWC04006,Chiller 6,RUL0022,11/22/22 0:00,11/22/22 16:00
CWC04006,Chiller 6,RUL0022,11/23/22 0:00,11/23/22 16:00
CWC04006,Chiller 6,RUL0022,11/24/22 4:15,11/24/22 16:00
CWC04006,Chiller 6,RUL0022,11/25/22 0:00,11/25/22 16:00
CWC04006,Chiller 6,RUL0022,11/29/22 0:00,11/29/22 16:00
CWC04006,Chiller 6,RUL0022,11/30/22 0:00,11/30/22 16:00
CWC04006,Chiller 6,RUL0022,12/1/22 0:00,12/1/22 16:00
CWC04006,Chiller 6,RUL0022,12/2/22 0:00,12/2/22 16:00
CWC04006,Chiller 6,RUL0022,12/3/22 0:00,12/3/22 16:00
CWC04006,Chiller 6,RUL0022,12/4/22 0:00,12/4/22 5:45
CWC04006,Chiller 6,RUL0022,12/4/22 6:15,12/4/22 16:00
CWC04006,Chiller 6,RUL0022,12/5/22 0:00,12/5/22 16:00
CWC04006,Chiller 6,RUL0022,12/6/22 0:00,12/6/22 16:00
CWC04006,Chiller 6,RUL0018,12/9/22 17:00,12/9/22 23:23
CWC04006,Chiller 6,RUL0022,12/10/22 0:00,12/10/22 6:30
CWC04007,Chiller 7,RUL0012,6/10/20 9:45,6/11/20 0:00
CWC04007,Chiller 7,RUL0012,6/11/20 0:00,6/11/20 13:30
CWC04007,Chiller 7,RUL0012,5/20/21 14:45,5/21/21 0:00
CWC04007,Chiller 7,RUL0012,5/21/21 0:00,5/22/21 0:00
CWC04007,Chiller 7,RUL0012,6/9/21 16:15,6/9/21 20:45
CWC04007,Chiller 7,RUL0012,9/14/21 18:45,9/14/21 23:00
CWC04007,Chiller 7,RUL0012,9/15/21 10:45,9/16/21 0:00
CWC04007,Chiller 7,RUL0012,9/16/21 0:00,9/16/21 8:45
CWC04007,Chiller 7,RUL0012,9/16/21 9:00,9/16/21 11:00
CWC04007,Chiller 7,RUL0012,9/16/21 12:30,9/17/21 0:00
CWC04007,Chiller 7,RUL0012,9/17/21 0:00,9/18/21 0:00
CWC04007,Chiller 7,RUL0012,9/18/21 0:00,9/19/21 0:00
CWC04007,Chiller 7,RUL0012,9/19/21 0:00,9/20/21 0:00
CWC04007,Chiller 7,RUL0012,9/20/21 0:00,9/20/21 12:30
CWC04007,Chiller 7,RUL0012,9/21/21 11:00,9/22/21 0:00
CWC04007,Chiller 7,RUL0012,9/22/21 0:00,9/22/21 11:30
CWC04007,Chiller 7,RUL0012,9/22/21 15:45,9/23/21 0:00
CWC04007,Chiller 7,RUL0012,9/23/21 0:00,9/23/21 11:30
CWC04007,Chiller 7,RUL0022,9/23/21 6:00,9/23/21 12:00
CWC04007,Chiller 7,RUL0022,6/1/22 6:45,6/1/22 10:00
CWC04007,Chiller 7,RUL0022,10/31/22 2:30,10/31/22 13:00
CWC04007,Chiller 7,RUL0022,11/1/22 7:30,11/1/22 16:00
CWC04007,Chiller 7,RUL0022,11/2/22 0:00,11/2/22 16:00
CWC04007,Chiller 7,RUL0022,11/3/22 0:00,11/3/22 6:15
CWC04007,Chiller 7,RUL0022,11/4/22 3:15,11/4/22 16:00
CWC04007,Chiller 7,RUL0022,11/5/22 0:00,11/5/22 16:00
CWC04007,Chiller 7,RUL0022,11/6/22 0:00,11/6/22 17:00
CWC04007,Chiller 7,RUL0022,11/7/22 0:00,11/7/22 16:00
CWC04007,Chiller 7,RUL0022,11/8/22 0:00,11/8/22 16:00
CWC04007,Chiller 7,RUL0022,11/9/22 0:00,11/9/22 12:15
CWC04007,Chiller 7,RUL0022,11/22/22 4:15,11/22/22 16:00
CWC04007,Chiller 7,RUL0022,11/23/22 0:00,11/23/22 6:30
CWC04009,Chiller 9,RUL0018,4/7/20 9:09,4/7/20 13:59
CWC04009,Chiller 9,RUL0018,4/7/20 15:30,4/8/20 0:00
CWC04009,Chiller 9,RUL0018,4/8/20 0:00,4/9/20 0:00
CWC04009,Chiller 9,RUL0018,4/9/20 0:00,4/10/20 0:00
CWC04009,Chiller 9,RUL0018,4/10/20 0:00,4/11/20 0:00
CWC04009,Chiller 9,RUL0018,4/11/20 0:00,4/12/20 0:00
CWC04009,Chiller 9,RUL0018,4/12/20 0:00,4/13/20 0:00
CWC04009,Chiller 9,RUL0018,4/13/20 0:00,4/13/20 12:15
CWC04009,Chiller 9,RUL0018,4/13/20 12:30,4/14/20 0:00
CWC04009,Chiller 9,RUL0018,4/14/20 0:00,4/14/20 16:45
CWC04009,Chiller 9,RUL0018,4/14/20 16:45,4/14/20 23:59
CWC04009,Chiller 9,RUL0018,4/15/20 0:00,4/16/20 0:00
CWC04009,Chiller 9,RUL0018,4/16/20 0:00,4/17/20 0:00
CWC04009,Chiller 9,RUL0018,4/17/20 0:00,4/18/20 0:00
CWC04009,Chiller 9,RUL0018,4/18/20 0:00,4/19/20 0:00
CWC04009,Chiller 9,RUL0018,4/19/20 0:00,4/20/20 0:00
CWC04009,Chiller 9,RUL0018,4/20/20 0:00,4/21/20 0:00
CWC04009,Chiller 9,RUL0018,4/21/20 0:00,4/22/20 0:00
CWC04009,Chiller 9,RUL0018,4/22/20 0:00,4/23/20 0:00
CWC04009,Chiller 9,RUL0018,4/23/20 0:00,4/24/20 0:00
CWC04009,Chiller 9,RUL0018,4/24/20 0:00,4/25/20 0:00
CWC04009,Chiller 9,RUL0018,4/25/20 0:00,4/26/20 0:00
CWC04009,Chiller 9,RUL0018,4/26/20 0:00,4/27/20 0:00
CWC04009,Chiller 9,RUL0018,4/27/20 0:00,4/28/20 0:00
CWC04009,Chiller 9,RUL0018,4/28/20 0:00,4/29/20 0:00
CWC04009,Chiller 9,RUL0018,4/29/20 0:00,4/30/20 0:00
CWC04009,Chiller 9,RUL0018,4/30/20 0:00,5/1/20 0:00
CWC04009,Chiller 9,RUL0018,5/1/20 0:00,5/2/20 0:00
CWC04009,Chiller 9,RUL0018,5/2/20 0:00,5/3/20 0:00
CWC04009,Chiller 9,RUL0018,5/3/20 0:00,5/4/20 0:00
CWC04009,Chiller 9,RUL0018,5/4/20 0:00,5/5/20 0:00
CWC04009,Chiller 9,RUL0018,5/5/20 0:00,5/6/20 0:00
CWC04009,Chiller 9,RUL0018,5/6/20 0:00,5/7/20 0:00
CWC04009,Chiller 9,RUL0018,5/7/20 0:00,5/8/20 0:00
CWC04009,Chiller 9,RUL0018,5/8/20 0:00,5/9/20 0:00
CWC04009,Chiller 9,RUL0018,5/9/20 0:00,5/9/20 10:37
CWC04009,Chiller 9,RUL0018,5/9/20 10:37,5/10/20 0:00
CWC04009,Chiller 9,RUL0018,5/10/20 0:00,5/11/20 0:00
CWC04009,Chiller 9,RUL0018,5/11/20 0:00,5/11/20 10:45
CWC04009,Chiller 9,RUL0018,5/11/20 12:30,5/12/20 0:00
CWC04009,Chiller 9,RUL0018,5/12/20 0:00,5/13/20 0:00
CWC04009,Chiller 9,RUL0018,5/13/20 0:00,5/14/20 0:00
CWC04009,Chiller 9,RUL0018,5/14/20 0:00,5/15/20 0:00
CWC04009,Chiller 9,RUL0018,5/15/20 0:00,5/15/20 17:15
CWC04009,Chiller 9,RUL0018,5/21/20 5:45,5/21/20 12:30
CWC04009,Chiller 9,RUL0018,5/27/20 14:35,5/27/20 17:54
CWC04009,Chiller 9,RUL0018,5/27/20 17:56,5/28/20 0:00
CWC04009,Chiller 9,RUL0018,5/28/20 0:00,5/29/20 0:00
CWC04009,Chiller 9,RUL0018,5/29/20 0:00,5/30/20 0:00
CWC04009,Chiller 9,RUL0018,5/30/20 0:00,5/31/20 0:00
CWC04009,Chiller 9,RUL0018,5/31/20 0:00,6/1/20 0:00
CWC04009,Chiller 9,RUL0018,6/1/20 0:00,6/2/20 0:00
CWC04009,Chiller 9,RUL0018,6/2/20 0:00,6/3/20 0:00
CWC04009,Chiller 9,RUL0018,6/3/20 0:00,6/4/20 0:00
CWC04009,Chiller 9,RUL0018,6/4/20 0:00,6/5/20 0:00
CWC04009,Chiller 9,RUL0018,6/5/20 0:00,6/6/20 0:00
CWC04009,Chiller 9,RUL0018,6/6/20 0:00,6/6/20 11:40
CWC04009,Chiller 9,RUL0018,6/8/20 8:15,6/8/20 12:45
CWC04009,Chiller 9,RUL0018,6/8/20 13:45,6/9/20 0:00
CWC04009,Chiller 9,RUL0018,6/9/20 0:00,6/9/20 9:00
CWC04009,Chiller 9,RUL0018,6/9/20 14:15,6/10/20 0:00
CWC04009,Chiller 9,RUL0018,6/10/20 0:00,6/10/20 19:00
CWC04009,Chiller 9,RUL0018,6/10/20 19:30,6/11/20 0:00
CWC04009,Chiller 9,RUL0018,6/11/20 0:00,6/11/20 8:37
CWC04009,Chiller 9,RUL0018,6/15/20 21:00,6/16/20 0:00
CWC04009,Chiller 9,RUL0018,6/16/20 0:00,6/16/20 8:19
CWC04009,Chiller 9,RUL0018,6/16/20 14:00,6/16/20 22:12
CWC04009,Chiller 9,RUL0018,6/17/20 13:45,6/17/20 22:04
CWC04009,Chiller 9,RUL0018,6/18/20 12:00,6/18/20 22:53
CWC04009,Chiller 9,RUL0018,6/19/20 12:30,6/19/20 17:15
CWC04009,Chiller 9,RUL0018,6/19/20 18:00,6/19/20 23:13
CWC04009,Chiller 9,RUL0018,6/21/20 12:00,6/22/20 0:00
CWC04009,Chiller 9,RUL0018,6/22/20 0:00,6/22/20 3:09
CWC04009,Chiller 9,RUL0018,6/22/20 8:00,6/23/20 0:00
CWC04009,Chiller 9,RUL0018,6/23/20 0:00,6/23/20 5:49
CWC04009,Chiller 9,RUL0018,6/24/20 12:00,6/24/20 22:11
CWC04009,Chiller 9,RUL0018,6/25/20 14:15,6/26/20 0:00
CWC04009,Chiller 9,RUL0018,6/26/20 8:45,6/26/20 21:30
CWC04009,Chiller 9,RUL0018,6/27/20 0:00,6/27/20 8:45
CWC04009,Chiller 9,RUL0018,6/27/20 12:45,6/27/20 16:22
CWC04009,Chiller 9,RUL0018,6/29/20 9:45,6/29/20 20:43
CWC04009,Chiller 9,RUL0018,7/1/20 15:45,7/1/20 21:15
CWC04009,Chiller 9,RUL0018,7/2/20 13:00,7/2/20 16:15
CWC04009,Chiller 9,RUL0018,7/2/20 16:30,7/3/20 0:00
CWC04009,Chiller 9,RUL0018,7/3/20 13:30,7/3/20 23:14
CWC04009,Chiller 9,RUL0018,7/4/20 12:30,7/4/20 23:12
CWC04009,Chiller 9,RUL0018,7/5/20 11:15,7/6/20 0:00
CWC04009,Chiller 9,RUL0018,7/6/20 5:30,7/7/20 0:00
CWC04009,Chiller 9,RUL0018,7/7/20 0:00,7/8/20 0:00
CWC04009,Chiller 9,RUL0018,7/8/20 0:00,7/9/20 0:00
CWC04009,Chiller 9,RUL0018,7/9/20 0:00,7/9/20 6:15
CWC04009,Chiller 9,RUL0018,7/9/20 6:30,7/9/20 11:45
CWC04009,Chiller 9,RUL0018,7/9/20 17:15,7/9/20 21:00
CWC04009,Chiller 9,RUL0018,7/10/20 0:00,7/10/20 6:30
CWC04009,Chiller 9,RUL0018,7/10/20 6:45,7/10/20 13:30
CWC04009,Chiller 9,RUL0018,7/10/20 16:45,7/10/20 23:40
CWC04009,Chiller 9,RUL0018,7/11/20 3:45,7/11/20 6:45
CWC04009,Chiller 9,RUL0018,7/11/20 7:00,7/11/20 13:30
CWC04009,Chiller 9,RUL0018,7/11/20 17:30,7/12/20 0:00
CWC04009,Chiller 9,RUL0018,7/12/20 0:00,7/12/20 11:15
CWC04009,Chiller 9,RUL0018,7/12/20 16:15,7/12/20 19:15
CWC04009,Chiller 9,RUL0018,7/12/20 20:30,7/13/20 0:00
CWC04009,Chiller 9,RUL0018,7/13/20 0:00,7/13/20 6:30
CWC04009,Chiller 9,RUL0018,7/14/20 19:30,7/15/20 0:00
CWC04009,Chiller 9,RUL0018,7/15/20 0:00,7/15/20 3:45
CWC04009,Chiller 9,RUL0018,7/15/20 11:30,7/15/20 14:45
CWC04009,Chiller 9,RUL0018,7/19/20 8:00,7/19/20 11:30
CWC04009,Chiller 9,RUL0018,7/19/20 17:30,7/19/20 20:45
CWC04009,Chiller 9,RUL0018,7/20/20 20:15,7/21/20 0:00
CWC04009,Chiller 9,RUL0018,7/21/20 0:00,7/21/20 10:15
CWC04009,Chiller 9,RUL0018,7/21/20 20:30,7/22/20 0:00
CWC04009,Chiller 9,RUL0018,7/22/20 0:00,7/22/20 6:45
CWC04009,Chiller 9,RUL0018,7/22/20 7:00,7/22/20 10:30
CWC04009,Chiller 9,RUL0018,7/22/20 19:00,7/23/20 0:00
CWC04009,Chiller 9,RUL0018,7/23/20 0:00,7/23/20 6:30
CWC04009,Chiller 9,RUL0018,7/23/20 20:30,7/24/20 0:00
CWC04009,Chiller 9,RUL0018,7/24/20 18:45,7/25/20 0:00
CWC04009,Chiller 9,RUL0018,7/25/20 0:30,7/25/20 11:00
CWC04009,Chiller 9,RUL0018,7/26/20 2:00,7/26/20 5:15
CWC04009,Chiller 9,RUL0018,7/26/20 11:00,7/26/20 15:07
CWC04009,Chiller 9,RUL0018,7/26/20 15:07,7/26/20 20:30
CWC04009,Chiller 9,RUL0018,7/27/20 0:00,7/27/20 3:30
CWC04009,Chiller 9,RUL0018,7/29/20 20:30,7/30/20 0:00
CWC04009,Chiller 9,RUL0018,7/30/20 0:45,7/30/20 5:30
CWC04009,Chiller 9,RUL0018,7/30/20 20:15,7/31/20 0:00
CWC04009,Chiller 9,RUL0018,7/31/20 9:00,7/31/20 12:15
CWC04009,Chiller 9,RUL0018,7/31/20 12:30,7/31/20 15:45
CWC04009,Chiller 9,RUL0018,8/1/20 11:15,8/1/20 14:30
CWC04009,Chiller 9,RUL0018,8/1/20 15:45,8/1/20 23:15
CWC04009,Chiller 9,RUL0018,8/2/20 20:30,8/3/20 0:00
CWC04009,Chiller 9,RUL0018,8/4/20 3:00,8/4/20 6:00
CWC04009,Chiller 9,RUL0018,8/5/20 14:30,8/6/20 0:00
CWC04009,Chiller 9,RUL0018,8/6/20 0:00,8/6/20 8:00
CWC04009,Chiller 9,RUL0018,9/28/20 14:00,9/28/20 17:15
CWC04009,Chiller 9,RUL0018,11/10/20 16:15,11/10/20 19:45
CWC04009,Chiller 9,RUL0018,11/26/20 16:15,11/27/20 0:00
CWC04009,Chiller 9,RUL0018,11/27/20 0:00,11/28/20 0:00
CWC04009,Chiller 9,RUL0018,11/28/20 0:00,11/29/20 0:00
CWC04009,Chiller 9,RUL0018,11/30/20 11:30,11/30/20 14:30
CWC04009,Chiller 9,RUL0018,12/1/20 0:00,12/1/20 3:45
CWC04009,Chiller 9,RUL0018,12/1/20 5:45,12/1/20 9:30
CWC04009,Chiller 9,RUL0018,12/1/20 14:30,12/1/20 19:15
CWC04009,Chiller 9,RUL0018,3/30/21 14:15,3/30/21 19:15
CWC04009,Chiller 9,RUL0018,4/1/21 13:00,4/1/21 21:15
CWC04009,Chiller 9,RUL0018,4/2/21 0:00,4/2/21 7:00
CWC04009,Chiller 9,RUL0018,4/2/21 14:10,4/2/21 23:59
CWC04009,Chiller 9,RUL0018,4/3/21 0:00,4/3/21 22:50
CWC04009,Chiller 9,RUL0018,4/21/21 9:52,4/22/21 0:00
CWC04009,Chiller 9,RUL0018,4/22/21 0:00,4/23/21 0:00
CWC04009,Chiller 9,RUL0018,4/23/21 0:00,4/24/21 0:00
CWC04009,Chiller 9,RUL0018,4/24/21 0:00,4/25/21 0:00
CWC04009,Chiller 9,RUL0018,4/25/21 0:00,4/26/21 0:00
CWC04009,Chiller 9,RUL0018,4/26/21 0:00,4/27/21 0:00
CWC04009,Chiller 9,RUL0018,4/27/21 0:00,4/28/21 0:00
CWC04009,Chiller 9,RUL0018,4/28/21 0:00,4/29/21 0:00
CWC04009,Chiller 9,RUL0018,4/29/21 0:00,4/30/21 0:00
CWC04009,Chiller 9,RUL0018,4/30/21 0:00,4/30/21 7:23
CWC04009,Chiller 9,RUL0018,4/30/21 12:38,5/1/21 0:00
CWC04009,Chiller 9,RUL0018,5/1/21 0:00,5/2/21 0:00
CWC04009,Chiller 9,RUL0018,5/2/21 0:00,5/3/21 0:00
CWC04009,Chiller 9,RUL0018,5/3/21 0:00,5/3/21 9:54
CWC04009,Chiller 9,RUL0018,5/3/21 9:59,5/4/21 0:00
CWC04009,Chiller 9,RUL0018,5/4/21 0:00,5/5/21 0:00
CWC04009,Chiller 9,RUL0018,5/5/21 0:00,5/6/21 0:00
CWC04009,Chiller 9,RUL0018,5/6/21 0:00,5/7/21 0:00
CWC04009,Chiller 9,RUL0018,5/7/21 0:00,5/8/21 0:00
CWC04009,Chiller 9,RUL0018,5/8/21 0:00,5/9/21 0:00
CWC04009,Chiller 9,RUL0018,5/9/21 0:00,5/10/21 0:00
CWC04009,Chiller 9,RUL0018,5/10/21 0:00,5/10/21 12:15
CWC04009,Chiller 9,RUL0017,5/10/21 12:45,5/11/21 0:00
CWC04009,Chiller 9,RUL0017,5/11/21 0:00,5/12/21 0:00
CWC04009,Chiller 9,RUL0017,5/12/21 0:00,5/13/21 0:00
CWC04009,Chiller 9,RUL0017,5/13/21 0:00,5/14/21 0:00
CWC04009,Chiller 9,RUL0017,5/14/21 0:00,5/15/21 0:00
CWC04009,Chiller 9,RUL0017,5/15/21 0:00,5/16/21 0:00
CWC04009,Chiller 9,RUL0017,5/16/21 0:00,5/17/21 0:00
CWC04009,Chiller 9,RUL0017,5/17/21 0:00,5/18/21 0:00
CWC04009,Chiller 9,RUL0017,5/18/21 0:00,5/19/21 0:00
CWC04009,Chiller 9,RUL0017,5/19/21 0:00,5/20/21 0:00
CWC04009,Chiller 9,RUL0017,5/20/21 0:00,5/20/21 14:45
CWC04009,Chiller 9,RUL0022,9/16/21 2:45,9/16/21 10:45
CWC04009,Chiller 9,RUL0022,9/22/21 9:45,9/22/21 16:00
CWC04009,Chiller 9,RUL0022,9/23/21 5:45,9/23/21 12:00
CWC04009,Chiller 9,RUL0022,9/24/21 4:00,9/24/21 10:15
CWC04009,Chiller 9,RUL0022,9/25/21 5:30,9/25/21 16:00
CWC04009,Chiller 9,RUL0022,9/26/21 0:00,9/26/21 13:15
CWC04009,Chiller 9,RUL0022,9/27/21 5:00,9/27/21 13:00
CWC04009,Chiller 9,RUL0022,9/28/21 9:45,9/28/21 16:00
CWC04009,Chiller 9,RUL0022,9/29/21 0:00,9/29/21 16:00
CWC04009,Chiller 9,RUL0022,9/30/21 0:00,9/30/21 16:00
CWC04009,Chiller 9,RUL0022,10/1/21 0:00,10/1/21 12:00
CWC04009,Chiller 9,RUL0022,10/4/21 7:30,10/4/21 9:30
CWC04009,Chiller 9,RUL0022,10/19/21 6:45,10/19/21 13:30
CWC04009,Chiller 9,RUL0022,10/26/21 3:45,10/26/21 16:00
CWC04009,Chiller 9,RUL0022,10/27/21 0:00,10/27/21 16:00
CWC04009,Chiller 9,RUL0022,10/28/21 0:00,10/28/21 16:00
CWC04009,Chiller 9,RUL0022,10/29/21 0:00,10/29/21 16:00
CWC04009,Chiller 9,RUL0022,10/30/21 0:00,10/30/21 16:00
CWC04009,Chiller 9,RUL0022,10/31/21 0:00,10/31/21 16:00
CWC04009,Chiller 9,RUL0022,11/1/21 0:00,11/1/21 1:30
CWC04009,Chiller 9,RUL0018,11/1/21 3:47,11/1/21 10:14
CWC04009,Chiller 9,RUL0018,11/1/21 10:45,11/1/21 14:30
CWC04009,Chiller 9,RUL0018,11/1/21 14:45,11/2/21 0:00
CWC04009,Chiller 9,RUL0018,11/2/21 0:00,11/2/21 11:30
CWC04009,Chiller 9,RUL0022,11/9/21 9:30,11/9/21 16:00
CWC04009,Chiller 9,RUL0022,11/10/21 0:00,11/10/21 8:15
CWC04009,Chiller 9,RUL0022,11/11/21 9:45,11/11/21 16:00
CWC04009,Chiller 9,RUL0022,11/12/21 9:45,11/12/21 10:45
CWC04009,Chiller 9,RUL0022,11/12/21 11:15,11/12/21 16:00
CWC04009,Chiller 9,RUL0022,11/13/21 0:00,11/13/21 6:00
CWC04009,Chiller 9,RUL0018,11/13/21 10:14,11/13/21 23:59
CWC04009,Chiller 9,RUL0018,11/14/21 0:00,11/15/21 0:00
CWC04009,Chiller 9,RUL0018,11/15/21 0:00,11/15/21 16:49
CWC04009,Chiller 9,RUL0022,11/15/21 12:15,11/15/21 16:00
CWC04009,Chiller 9,RUL0022,11/16/21 0:00,11/16/21 16:00
CWC04009,Chiller 9,RUL0022,11/17/21 0:00,11/17/21 8:15
CWC04009,Chiller 9,RUL0018,12/1/21 18:45,12/2/21 0:00
CWC04009,Chiller 9,RUL0018,12/2/21 0:00,12/2/21 5:37
CWC04009,Chiller 9,RUL0022,8/30/22 7:00,8/30/22 11:30
CWC04009,Chiller 9,RUL0022,8/31/22 5:45,8/31/22 16:00
CWC04009,Chiller 9,RUL0022,9/1/22 0:00,9/1/22 16:00
CWC04009,Chiller 9,RUL0022,9/2/22 0:00,9/2/22 16:00
CWC04009,Chiller 9,RUL0022,9/3/22 0:00,9/3/22 16:00
CWC04009,Chiller 9,RUL0022,9/4/22 0:00,9/4/22 13:00
CWC04009,Chiller 9,RUL0022,10/12/22 8:15,10/12/22 16:00
CWC04009,Chiller 9,RUL0022,10/13/22 0:00,10/13/22 16:00
CWC04009,Chiller 9,RUL0022,10/14/22 0:00,10/14/22 16:00
CWC04009,Chiller 9,RUL0022,10/15/22 0:00,10/15/22 16:00
CWC04009,Chiller 9,RUL0022,10/16/22 0:00,10/16/22 16:00
CWC04009,Chiller 9,RUL0022,10/17/22 0:00,10/17/22 16:00
CWC04009,Chiller 9,RUL0022,10/18/22 7:00,10/18/22 16:00
CWC04009,Chiller 9,RUL0022,10/19/22 0:00,10/19/22 12:00
CWC04009,Chiller 9,RUL0022,10/25/22 3:00,10/25/22 13:15
CWC04009,Chiller 9,RUL0022,10/26/22 3:45,10/26/22 10:00
CWC04009,Chiller 9,RUL0018,10/27/22 14:18,10/27/22 19:44
CWC04009,Chiller 9,RUL0018,10/28/22 12:30,10/28/22 16:27
CWC04009,Chiller 9,RUL0022,10/31/22 2:30,10/31/22 16:00
CWC04009,Chiller 9,RUL0022,11/1/22 2:30,11/1/22 16:00
CWC04009,Chiller 9,RUL0022,11/2/22 0:00,11/2/22 16:00
CWC04009,Chiller 9,RUL0022,11/3/22 0:00,11/3/22 16:00
CWC04009,Chiller 9,RUL0022,11/4/22 0:00,11/4/22 16:00
CWC04009,Chiller 9,RUL0022,11/5/22 0:00,11/5/22 7:15
CWC04009,Chiller 9,RUL0022,11/8/22 4:30,11/8/22 16:00
CWC04009,Chiller 9,RUL0022,11/9/22 0:00,11/9/22 16:00
CWC04009,Chiller 9,RUL0022,11/10/22 0:00,11/10/22 16:00
CWC04009,Chiller 9,RUL0022,11/11/22 0:00,11/11/22 7:15
CWC04009,Chiller 9,RUL0022,11/14/22 6:15,11/14/22 16:00
CWC04009,Chiller 9,RUL0022,11/15/22 0:00,11/15/22 16:00
CWC04009,Chiller 9,RUL0022,11/16/22 0:00,11/16/22 16:00
CWC04009,Chiller 9,RUL0022,11/17/22 0:00,11/17/22 16:00
CWC04009,Chiller 9,RUL0022,11/18/22 0:00,11/18/22 16:00
CWC04009,Chiller 9,RUL0022,11/20/22 3:00,11/20/22 16:00
CWC04009,Chiller 9,RUL0022,11/21/22 0:00,11/21/22 16:00
CWC04009,Chiller 9,RUL0022,11/22/22 0:00,11/22/22 4:00
CWC04009,Chiller 9,RUL0022,11/23/22 2:45,11/23/22 16:00
CWC04009,Chiller 9,RUL0022,11/24/22 3:30,11/24/22 16:00
CWC04009,Chiller 9,RUL0022,11/25/22 0:00,11/25/22 16:00
CWC04009,Chiller 9,RUL0022,11/29/22 0:00,11/29/22 16:00
CWC04009,Chiller 9,RUL0022,11/30/22 0:00,11/30/22 16:00
CWC04009,Chiller 9,RUL0022,12/1/22 0:00,12/1/22 16:00
CWC04009,Chiller 9,RUL0022,12/2/22 0:00,12/2/22 16:00
CWC04009,Chiller 9,RUL0022,12/3/22 0:00,12/3/22 16:00
CWC04009,Chiller 9,RUL0022,12/4/22 0:00,12/4/22 16:00
CWC04009,Chiller 9,RUL0022,12/5/22 0:00,12/5/22 16:00
CWC04009,Chiller 9,RUL0022,12/6/22 0:00,12/6/22 16:00
CWC04009,Chiller 9,RUL0018,12/7/22 0:00,12/7/22 23:00
CWC04009,Chiller 9,RUL0018,12/8/22 0:30,12/8/22 18:45
CWC04009,Chiller 9,RUL0018,12/9/22 12:15,12/9/22 16:30
CWC04009,Chiller 9,RUL0022,3/29/23 3:45,3/29/23 11:45
CWC04009,Chiller 9,RUL0022,3/30/23 15:00,3/30/23 16:00
CWC04009,Chiller 9,RUL0022,3/31/23 0:00,3/31/23 2:15