timestamp,KPI,asset_name,value,upper_bound,lower_bound,anomaly_score
4/26/20 14:14,Cooling Load,chiller 9,25978710,25609582,23384670,0.998003992
4/26/20 15:14,Cooling Load,chiller 9,24491222,26984704,24759792,0.9960079840319361
4/30/20 5:29,Cooling Load,chiller 9,26928000,29211776,26986864,0.9920159680638723
4/30/20 13:44,Cooling Load,chiller 9,26209840,28568590,26343678,0.9940119760479041
5/1/20 16:14,Cooling Load,chiller 9,26097770,28409188,26184276,0.9928698752228164
5/1/20 17:59,Cooling Load,chiller 9,27311624,27206866,24981954,0.9928698752228164
5/1/20 22:59,Cooling Load,chiller 9,22870648,27921918,25523994,0.9982788296041308
5/1/20 23:14,Cooling Load,chiller 9,27493122,25213224,22815300,0.9982788296041308
5/2/20 0:29,Cooling Load,chiller 9,29144366,28952722,26554798,0.9965576592082617
5/2/20 7:29,Cooling Load,chiller 9,30057640,33538928,31046340,0.9951690821256038
5/2/20 8:00,Cooling Load,chiller 9,28962322,31681230,29188642,0.9935587761674718
5/2/20 11:44,Cooling Load,chiller 9,25920260,28517906,26025318,0.9903381642512077
5/2/20 12:44,Cooling Load,chiller 9,25412884,28220794,25439582,0.9906396255850234
5/3/20 1:59,Cooling Load,chiller 9,26329460,29547052,26712444,0.9941262848751835
5/5/20 23:44,Cooling Load,chiller 9,24413396,27477276,24705084,0.9947970863683663
5/6/20 5:29,Cooling Load,chiller 9,26983692,30597456,27816244,0.9959225280326198
5/6/20 11:59,Cooling Load,chiller 9,26680510,30335464,27554252,0.9970617042115573
5/8/20 12:29,Cooling Load,chiller 9,25629444,28467076,25694884,0.9916736053288926
5/10/20 14:44,Cooling Load,chiller 9,25680876,32266658,29485446,0.9992069785884219
5/10/20 14:59,Cooling Load,chiller 9,30751876,28401700,25620488,0.9984139571768438
5/19/20 14:29,Cooling Load,chiller 9,23744042,30703234,27941182,0.9993753903810119
5/19/20 18:44,Cooling Load,chiller 9,26138062,29263540,26491348,0.9938309685379395
5/20/20 14:59,Cooling Load,chiller 9,30758750,29050848,26278656,0.9964726631393298
5/21/20 8:59,Cooling Load,chiller 9,24799360,28095210,25313998,0.9943214082907439
5/23/20 8:29,Cooling Load,chiller 9,27315202,27225076,24443864,0.9917627677100495
5/23/20 10:29,Cooling Load,chiller 9,28728704,28329972,25495364,0.9940249864204237
5/23/20 13:44,Cooling Load,chiller 9,28528914,28328884,25494276,0.9923954372623575
5/25/20 16:59,Cooling Load,chiller 9,26376346,29360768,26457696,0.9916710046850599
5/26/20 1:44,Cooling Load,chiller 9,20938500,27803848,24858620,0.9989696032972695
5/26/20 1:59,Cooling Load,chiller 9,26776746,24445744,21500516,0.9979392065945389
5/26/20 2:14,Cooling Load,chiller 9,27901500,27525226,24579998,0.994332818
5/27/20 18:59,Cooling Load,chiller 9,26653280,29891664,26930200,0.9924563884959925
5/29/20 11:59,Cooling Load,chiller 9,22618192,27216712,24255248,0.9964927663305567
6/8/20 0:29,Cooling Load,chiller 9,23263482,27528144,24582916,0.9958350687213661
6/8/20 9:59,Cooling Load,chiller 9,25736698,24765052,21803588,0.9954936501433839
6/8/20 14:59,Cooling Load,chiller 9,29805054,28811854,25848686,0.995530272
6/8/20 15:29,Cooling Load,chiller 9,14643750,30222974,27259806,0.9995936611133686
6/8/20 15:44,Cooling Load,chiller 9,25979254,22321002,19357834,0.9983746444534742
6/8/20 15:59,Cooling Load,chiller 9,27221840,27024804,24061636,0.9914668833807395
6/8/20 19:29,Cooling Load,chiller 9,24462766,29202468,25845228,0.9951632406287787
6/9/20 0:29,Cooling Load,chiller 9,21575124,25540012,22182772,0.9936025589764095
6/9/20 2:29,Cooling Load,chiller 9,18279250,23424174,19945410,0.99603332
6/10/20 3:14,Cooling Load,chiller 9,23227876,27569754,24090990,0.994232987
6/11/20 19:14,Cooling Load,chiller 9,19029308,18507862,14992558,0.9928057553956835
6/16/20 7:59,Cooling Load,chiller 9,15192376,19200160,15721396,0.9930579659840333
11/18/20 15:44,Cooling Load,chiller 9,5785312.5,9277055,5889073,0.991085642
11/29/20 8:59,Cooling Load,chiller 9,11713349,11146722,7891342,0.9931448157669237
11/29/20 9:44,Cooling Load,chiller 9,7795562.5,12100916,8845536,0.9957155098543273
11/29/20 10:14,Cooling Load,chiller 9,11442750,10883985,7628605,0.9931448157669237
12/1/20 23:59,Cooling Load,chiller 9,9288264,8924163,5568595,0.9928210582291943
12/2/20 0:14,Cooling Load,chiller 9,6503749,10225355,6869787,0.9928210582291943
12/3/20 23:29,Cooling Load,chiller 9,9727851,9439214,6081974,0.9924103637791154
12/3/20 23:44,Cooling Load,chiller 9,6799926.5,10355751,6998511,0.9921486521852918
12/3/20 23:59,Cooling Load,chiller 9,5048862,9277741,5920501,0.9955509029049987
12/4/20 0:44,Cooling Load,chiller 9,9917597,8998283,5641043,0.9955509029049987
12/4/20 0:59,Cooling Load,chiller 9,6468000,10407091,7049851,0.9939806333420571
12/4/20 3:29,Cooling Load,chiller 9,4744574,8528064.5,4932561.5,0.9916688362405623
12/4/20 4:29,Cooling Load,chiller 9,10140487,8910753,5315250,0.996355116
12/4/20 4:44,Cooling Load,chiller 9,6226000,10679646.5,7084143.5,0.9958344181202812
12/4/20 5:14,Cooling Load,chiller 9,9487501,8890591.5,5295088.5,0.994532674
12/4/20 5:29,Cooling Load,chiller 9,6765000,10437972.5,6842469.5,0.9908877896381151
12/4/20 5:59,Cooling Load,chiller 9,9076376,8334154,4738651,0.9950533715178339
12/5/20 23:59,Cooling Load,chiller 9,10280188,9611910.5,5861468.5,0.9947774185525988
12/6/20 1:59,Cooling Load,chiller 9,10815750,9159234,5408792,0.9977617508082567
12/8/20 1:29,Cooling Load,chiller 9,6235076,10147130,6336642,0.9906885567262925
12/20/20 2:14,Cooling Load,chiller 9,14968804,13596775,9996199,0.9974900648399916
12/20/20 12:29,Cooling Load,chiller 9,11507099,15307226,11706650,0.9917029661895872
12/20/20 13:29,Cooling Load,chiller 9,10679625,15324962,11724386,0.9964737606305746
12/20/20 13:44,Cooling Load,chiller 9,8312973.5,13557886,9957310,0.9977183157021365
2/5/21 4:44,Cooling Load,chiller 9,26853750,31585838,28070534,0.9967039003845449
2/5/21 4:59,Cooling Load,chiller 9,30845934,29974832.5,26400723.5,0.9959861339171684
2/21/21 5:44,Cooling Load,chiller 9,26335104,29838307,26399953,0.990445316
2/21/21 5:59,Cooling Load,chiller 9,29212418,28853143,25414789,0.9930046067224023
2/21/21 18:44,Cooling Load,chiller 9,27412552,30981268,27502504,0.9910488093227495
2/21/21 19:29,Cooling Load,chiller 9,30506034,30198608,26719844,0.9929066036142543
3/2/21 15:29,Cooling Load,chiller 9,23757528,32396554,28917790,0.9996622192197264
3/2/21 15:44,Cooling Load,chiller 9,28809548,28680064,25201300,0.9913865901030231
3/4/21 8:59,Cooling Load,chiller 9,26544778,30314303.5,26718800.5,0.9917799027008891
3/4/21 10:59,Cooling Load,chiller 9,29462408,29248356,25647780,0.9923089784317004
3/5/21 0:59,Cooling Load,chiller 9,27931190,32158678,28558102,0.9947028637642774
3/23/21 12:59,Cooling Load,chiller 9,31803194,31757620,28157044,0.9905644760801192
3/24/21 5:59,Cooling Load,chiller 9,30224422,29755792,26123720,0.9942632355351582
3/24/21 6:14,Cooling Load,chiller 9,27043498,31333918,27701846,0.9949188657597116
3/24/21 8:44,Cooling Load,chiller 9,29129376,29058504,25372884,0.9910145401078255
3/24/21 9:59,Cooling Load,chiller 9,27965432,31661622,27976002,0.9903610521156674
3/24/21 12:44,Cooling Load,chiller 9,27633376,31398600,27700824,0.9910438039407262
3/24/21 14:14,Cooling Load,chiller 9,31135770,30954140,27256364,0.9920208435108289
3/24/21 16:14,Cooling Load,chiller 9,31514178,31473896,27776120,0.9907181240840254
3/24/21 19:59,Cooling Load,chiller 9,32779170,32562635,28812193,0.9926959909105665
3/27/21 9:29,Cooling Load,chiller 9,31992120,31968428.5,28214019.5,0.9902928328749393
3/27/21 14:00,Cooling Load,chiller 9,32661752,32014376.5,28259967.5,0.9951464164374697
3/28/21 5:29,Cooling Load,chiller 9,23646562,27817356,24039016,0.9939306819996806
3/28/21 5:44,Cooling Load,chiller 9,27091082,25469322,21690982,0.9982430921578023
3/28/21 6:44,Cooling Load,chiller 9,29378518,29123562,25345222,0.9926529308417186
3/28/21 7:14,Cooling Load,chiller 9,24723054,30688570,26910230,0.9988819677367833
3/28/21 7:44,Cooling Load,chiller 9,28478446,28098318,24319978,0.9937709631049353
3/31/21 17:59,Cooling Load,chiller 9,30904230,29608856,25776184,0.997468755
4/3/21 6:59,Cooling Load,chiller 9,26413202,30600334,26767662,0.9932822996406812
4/3/21 11:29,Cooling Load,chiller 9,25244448,29644405,25709891,0.9942376576857187
4/3/21 12:44,Cooling Load,chiller 9,25957938,30157633,26223119,0.99236879
4/3/21 16:44,Cooling Load,chiller 9,26717624,31244673,27273195,0.9950318273560006
4/3/21 16:59,Cooling Load,chiller 9,30080320,29908999,25937521,0.9916162086632511
4/3/21 17:44,Cooling Load,chiller 9,31676014,31067803,27096325,0.9953423381462506
4/3/21 21:29,Cooling Load,chiller 9,28877336,32938286,28909606,0.9905587370376103
4/3/21 21:59,Cooling Load,chiller 9,33440144,32590376,28561696,0.9964401795387711
4/4/21 4:14,Cooling Load,chiller 9,27565032,33011679,28927909,0.9975312451782132
4/4/21 17:14,Cooling Load,chiller 9,28022090,32438441,28354671,0.9932731998165418
4/4/21 22:29,Cooling Load,chiller 9,28270000,32916044,28828400,0.9952751105014479
4/5/21 0:14,Cooling Load,chiller 9,30318750,30181512,26093868,0.9910074683737236
4/5/21 6:15,Cooling Load,chiller 9,27107028,32793272,28699656,0.9983285215012916
4/5/21 7:14,Cooling Load,chiller 9,27503298,32366324,28272708,0.9960492326394165
4/6/21 17:44,Cooling Load,chiller 9,26881252,32355536,28198632,0.9972731404332676
4/7/21 3:14,Cooling Load,chiller 9,27493122,32070888,27887376,0.9936756512573408
4/21/21 4:29,Cooling Load,chiller 9,30559094,34723833,30640063,0.9907471343737053
4/22/21 1:44,Cooling Load,chiller 9,26952744,31721029,27637259,0.9959133633020024
4/25/21 1:14,Cooling Load,chiller 9,32493858,31406648,27377968,0.9971132397323186
4/25/21 13:29,Cooling Load,chiller 9,24890244,29084058,25023022,0.9912544054301005
4/25/21 13:44,Cooling Load,chiller 9,26982452,26767744,22706708,0.9920375930035243
4/25/21 23:44,Cooling Load,chiller 9,25381264,31333367,27249597,0.9989611738735229
4/26/21 2:29,Cooling Load,chiller 9,28202632,27972642,23884998,0.9926175365885248
4/24/20 20:14,Delta Setpoint,chiller 9,0.29999924,0.2915995977818966,-0.223927911,0.9920159680638723
4/26/20 15:14,Delta Setpoint,chiller 9,0.40000153,0.24614741280674934,-0.269380096,0.998003992
4/28/20 1:44,Delta Setpoint,chiller 9,0.40000153,0.3418588973581791,-0.173668612,0.9940119760479041
4/28/20 15:44,Delta Setpoint,chiller 9,0.40000153,0.2823072150349617,-0.233220294,0.9960079840319361
5/1/20 16:14,Delta Setpoint,chiller 9,0.40000153,0.26680154353380203,-0.248725966,0.9964349376114082
5/1/20 17:44,Delta Setpoint,chiller 9,0.40000153,0.3841455392539501,-0.13138197,0.9928698752228164
5/1/20 22:59,Delta Setpoint,chiller 9,0.5,0.3788827955722809,-0.168356687,0.9965576592082617
5/2/20 6:59,Delta Setpoint,chiller 9,0.099998474,0.7204426527023315,0.17320317029953003,0.9916805324459235
5/2/20 12:44,Delta Setpoint,chiller 9,0.40000153,0.34384776651859283,-0.287965,0.9921996879875195
5/5/20 0:14,Delta Setpoint,chiller 9,0.5,0.34495358914136887,-0.202285893,0.9988649262202043
5/5/20 23:44,Delta Setpoint,chiller 9,0.40000153,0.2970965951681137,-0.250142887,0.9947970863683663
5/6/20 11:59,Delta Setpoint,chiller 9,0.5999985,0.2703551985323429,-0.276884284,0.9990205680705191
5/7/20 19:44,Delta Setpoint,chiller 9,0.40000153,0.3674754500389099,-0.179764032,0.9903593339176161
5/8/20 12:29,Delta Setpoint,chiller 9,0.40000153,0.33422381803393364,-0.213015664,0.9916736053288926
5/10/20 14:44,Delta Setpoint,chiller 9,1.0999985,0.452538401,-0.159753233,0.9992069785884219
5/19/20 17:14,Delta Setpoint,chiller 9,0.29999924,0.259531595,-0.272795193,0.9918800749531542
5/20/20 14:59,Delta Setpoint,chiller 9,-0.29999924,0.3741431012749672,-0.158183686,0.9970605526161082
5/23/20 18:29,Delta Setpoint,chiller 9,0.29999924,0.2926982194185257,-0.239628568,0.9908651262761956
5/26/20 6:44,Delta Setpoint,chiller 9,0.40000153,0.3493107408285141,-0.183016047,0.9933707292197859
5/27/20 22:29,Delta Setpoint,chiller 9,0.29999924,0.2976177930831909,-0.229209065,0.9900990099009901
5/29/20 11:59,Delta Setpoint,chiller 9,-0.29999924,0.35969609022140503,-0.167130768,0.9973695747479175
5/29/20 12:14,Delta Setpoint,chiller 9,0.29999924,0.18182366341352463,-0.345003195,0.9964927663305567
6/8/20 15:29,Delta Setpoint,chiller 9,1.8999977,0.3634105548262596,-0.163416304,0.9995936611133686
6/8/20 15:44,Delta Setpoint,chiller 9,0.099998474,0.7001181244850159,0.17329126596450806,0.9939049167005283
6/12/20 7:59,Delta Setpoint,chiller 9,0.40000153,0.31426624208688736,-0.212560616,0.994816735
6/16/20 3:14,Delta Setpoint,chiller 9,0.40000153,0.29962556809186935,-0.22720129,0.9951405761888233
6/16/20 7:59,Delta Setpoint,chiller 9,0.5,0.29698485881090164,-0.229842,0.9986115931968067
6/16/20 16:59,Delta Setpoint,chiller 9,0.5,0.31527480110526085,-0.216314945,0.9982882574460801
11/17/20 23:30,Delta Setpoint,chiller 9,0.29999924,0.23302818462252617,-0.298561562,0.9931394968964391
11/18/20 15:59,Delta Setpoint,chiller 9,1,0.3836710825562477,-0.147918664,0.9990448901623686
11/18/20 20:29,Delta Setpoint,chiller 9,-0.20000076,0.3854902982711792,-0.146099448,0.9929958611907036
11/18/20 23:14,Delta Setpoint,chiller 9,-0.20000076,0.3502880483865738,-0.182038739,0.9911420436570706
11/20/20 22:44,Delta Setpoint,chiller 9,0.79999924,0.3241910859942436,-0.208135702,0.9987503905029679
11/21/20 0:29,Delta Setpoint,chiller 9,0.5999985,0.3117862120270729,-0.220540576,0.9984379881287098
11/21/20 15:44,Delta Setpoint,chiller 9,0.40000153,0.39270835369825363,-0.154220469,0.990493714
11/28/20 0:44,Delta Setpoint,chiller 9,0.5,0.38285310566425323,-0.164075717,0.995537043
11/28/20 0:59,Delta Setpoint,chiller 9,-0.099998474,0.49609969556331635,-0.051139787,0.992309967
11/28/20 9:44,Delta Setpoint,chiller 9,0.40000153,0.33467064797878265,-0.212568834,0.9929432519847103
11/28/20 12:14,Delta Setpoint,chiller 9,0.40000153,0.3374244049191475,-0.224090762,0.9932768196433791
11/29/20 9:44,Delta Setpoint,chiller 9,-0.29999924,0.3862670883536339,-0.175248079,0.9965724078834619
11/29/20 9:59,Delta Setpoint,chiller 9,0.5999985,0.22632329165935516,-0.335191876,0.9985718366181091
12/1/20 1:59,Delta Setpoint,chiller 9,0.40000153,0.3399643339216709,-0.228286501,0.993171265
12/1/20 23:59,Delta Setpoint,chiller 9,-0.40000153,0.43757691979408264,-0.130673915,0.9978729061419835
12/3/20 17:14,Delta Setpoint,chiller 9,0.29999924,0.2631860040128231,-0.305064831,0.9913180741910024
12/3/20 19:59,Delta Setpoint,chiller 9,0.29999924,0.26670127362012863,-0.301549561,0.9910549855301236
12/3/20 23:29,Delta Setpoint,chiller 9,-0.79999924,0.35658184438943863,-0.256680228,0.9989531536247056
12/3/20 23:44,Delta Setpoint,chiller 9,0.5,-0.042174183,-0.655436255,0.9989531536247056
12/3/20 23:59,Delta Setpoint,chiller 9,1.2999992,0.44093023985624313,-0.172331832,0.9994765768123528
12/4/20 0:44,Delta Setpoint,chiller 9,-0.5999985,0.4377223923802376,-0.17553968,0.998691442
12/4/20 0:59,Delta Setpoint,chiller 9,0.5999985,0.16613278537988663,-0.447129287,0.998691442
12/4/20 1:29,Delta Setpoint,chiller 9,-0.20000076,0.4386729672551155,-0.174589105,0.9916252289976446
12/4/20 1:44,Delta Setpoint,chiller 9,0.29999924,0.23647624254226685,-0.37678583,0.9939806333420571
12/4/20 1:59,Delta Setpoint,chiller 9,-0.20000076,0.45105863362550735,-0.162203439,0.9931954985605862
12/4/20 2:14,Delta Setpoint,chiller 9,0.5999985,0.294037864,-0.319224209,0.9984297304370584
12/4/20 2:29,Delta Setpoint,chiller 9,0.5,0.4972323998808861,-0.116029672,0.990054959
12/4/20 2:59,Delta Setpoint,chiller 9,0.79999924,0.47047100961208344,-0.202941433,0.9973965113251757
12/4/20 3:29,Delta Setpoint,chiller 9,1.4000015,0.5916875004768372,-0.081724942,0.9992189533975527
12/4/20 3:59,Delta Setpoint,chiller 9,-0.40000153,0.6561780869960785,-0.017234355,0.9973965113251757
12/4/20 4:14,Delta Setpoint,chiller 9,0.70000076,0.29850515723228455,-0.374907285,0.9976568601926582
12/4/20 4:29,Delta Setpoint,chiller 9,-0.79999924,0.6565324664115906,-0.016879976,0.9992189533975527
12/4/20 4:44,Delta Setpoint,chiller 9,0.5,0.17645806074142456,-0.496954381,0.9973965113251757
12/4/20 4:59,Delta Setpoint,chiller 9,0.9000015,0.6249875128269196,-0.048424929,0.9968758135902109
12/4/20 5:14,Delta Setpoint,chiller 9,-0.70000076,0.7351506650447845,0.061738223,0.9992189533975527
12/4/20 5:29,Delta Setpoint,chiller 9,0.5999985,0.23509128391742706,-0.438321158,0.9973965113251757
12/4/20 5:44,Delta Setpoint,chiller 9,1,0.6132345497608185,-0.060177892,0.9973965113251757
12/5/20 23:29,Delta Setpoint,chiller 9,0.70000076,0.3407805934548378,-0.386798181,0.9962509372656836
12/5/20 23:59,Delta Setpoint,chiller 9,-0.79999924,0.517244242,-0.223063819,0.99825914
12/6/20 0:14,Delta Setpoint,chiller 9,0.5999985,0.1487448737025261,-0.591563188,0.9975130564536185
12/6/20 0:29,Delta Setpoint,chiller 9,-0.40000153,0.5457886531949043,-0.194519408,0.9940313354886844
12/6/20 0:44,Delta Setpoint,chiller 9,0.5,0.3089726008474827,-0.43133546,0.9940313354886844
12/6/20 1:29,Delta Setpoint,chiller 9,0.5999985,0.48802386969327927,-0.252284192,0.9935339467794081
12/6/20 1:44,Delta Setpoint,chiller 9,0.5999985,0.5483256056904793,-0.191982456,0.9927878637154937
12/6/20 1:59,Delta Setpoint,chiller 9,-0.9000015,0.547264852,-0.19304321,0.9985078338721711
12/8/20 1:29,Delta Setpoint,chiller 9,0.79999924,0.40481697767972946,-0.384656914,0.9968145062484686
12/14/20 4:29,Delta Setpoint,chiller 9,-0.5,0.44315337017178535,-0.320024636,0.9934403980999774
12/14/20 11:14,Delta Setpoint,chiller 9,0.5999985,0.48001718521118164,-0.301205426,0.9925692411619005
12/16/20 23:59,Delta Setpoint,chiller 9,0.40000153,0.39454357,-0.376532156,0.9906002990813929
12/20/20 12:14,Delta Setpoint,chiller 9,-0.5,0.44505091,-0.318127096,0.9939846504874508
12/20/20 12:29,Delta Setpoint,chiller 9,0.40000153,0.17041625827550888,-0.592761748,0.9943995021779714
12/20/20 12:59,Delta Setpoint,chiller 9,-0.5,0.4625742509961128,-0.300603755,0.994192076
12/20/20 13:29,Delta Setpoint,chiller 9,0.79999924,0.3807966969907284,-0.382381309,0.9973034640116158
12/20/20 13:44,Delta Setpoint,chiller 9,1.2000008,0.5381737127900124,-0.225004293,0.9985480190831778
12/20/20 20:59,Delta Setpoint,chiller 9,0.5,0.44688576459884644,-0.342588127,0.9913241065895476
2/19/21 0:59,Delta Setpoint,chiller 9,0.40000153,0.3906732611358166,-0.3496348,0.9905514516406115
2/21/21 5:44,Delta Setpoint,chiller 9,0.79999924,0.4626224413514137,-0.281497844,0.996075755
2/21/21 11:14,Delta Setpoint,chiller 9,0.40000153,0.39385129138827324,-0.357064839,0.9906478490052713
2/21/21 11:44,Delta Setpoint,chiller 9,-0.3999977,0.5209743417799473,-0.229941789,0.9933684747491923
2/21/21 13:29,Delta Setpoint,chiller 9,0.5,0.49951548129320145,-0.253533863,0.9900016946280291
2/21/21 17:29,Delta Setpoint,chiller 9,-0.29999924,0.48986469209194183,-0.263184652,0.9920352482630063
2/21/21 18:14,Delta Setpoint,chiller 9,-0.5,0.5344770811498165,-0.22448751,0.9954399594663064
2/21/21 19:29,Delta Setpoint,chiller 9,-0.70000076,0.42295684292912483,-0.336007748,0.9972977537578112
3/2/21 15:29,Delta Setpoint,chiller 9,1.2999992,0.39020855352282524,-0.368756037,0.9996622192197264
3/2/21 17:59,Delta Setpoint,chiller 9,0.5,0.44936830550432205,-0.32170742,0.9919205520956068
3/4/21 8:59,Delta Setpoint,chiller 9,0.40000153,0.34579069167375565,-0.43543192,0.9919476597886261
3/4/21 12:14,Delta Setpoint,chiller 9,-0.40000153,0.44660526141524315,-0.335322212,0.9923089784317004
3/4/21 15:14,Delta Setpoint,chiller 9,0.5,0.36376990005373955,-0.418157574,0.9928345275787369
3/4/21 16:44,Delta Setpoint,chiller 9,0.40000153,0.36628421768546104,-0.415643256,0.9913347775370771
3/5/21 0:14,Delta Setpoint,chiller 9,0.5,0.4790486916899681,-0.3104252,0.990865305
3/5/21 0:44,Delta Setpoint,chiller 9,-0.29999924,0.5014799013733864,-0.291083895,0.9900678695580202
3/5/21 0:59,Delta Setpoint,chiller 9,0.40000153,0.31723272800445557,-0.475331068,0.9923853666611488
3/23/21 11:59,Delta Setpoint,chiller 9,0.5999985,0.42840367183089256,-0.364160124,0.9938751862274458
3/23/21 12:29,Delta Setpoint,chiller 9,0.70000076,0.5529011636972427,-0.239662632,0.9928819731832478
3/23/21 12:59,Delta Setpoint,chiller 9,-0.29999924,0.5697184056043625,-0.22284539,0.9923853666611488
3/23/21 13:29,Delta Setpoint,chiller 9,0.5999985,0.37522197514772415,-0.417341821,0.9948683992716437
3/23/21 15:14,Delta Setpoint,chiller 9,0.5999985,0.4871040806174278,-0.305459715,0.9925509021685152
3/23/21 15:59,Delta Setpoint,chiller 9,0.70000076,0.6518071442842484,-0.191846654,0.9914205576637518
3/23/21 20:59,Delta Setpoint,chiller 9,0.5,0.40142302215099335,-0.447939068,0.9922710080578853
3/24/21 5:59,Delta Setpoint,chiller 9,-0.5999985,0.4546596370637417,-0.394702453,0.9949188657597116
3/24/21 6:14,Delta Setpoint,chiller 9,0.40000153,0.097843237,-0.751518853,0.9963940337649566
3/24/21 9:59,Delta Setpoint,chiller 9,0.70000076,0.39703625440597534,-0.47530286,0.9967325600392093
3/24/21 10:59,Delta Setpoint,chiller 9,-0.29999924,0.6378956660628319,-0.234443448,0.9915046561019442
3/24/21 12:44,Delta Setpoint,chiller 9,0.5,0.4817689545452595,-0.413933408,0.9903924442273245
3/24/21 13:44,Delta Setpoint,chiller 9,-0.29999924,0.605317622,-0.29038474,0.9903924442273245
3/24/21 13:59,Delta Setpoint,chiller 9,0.5,0.37651409953832626,-0.519188263,0.9933235629376324
3/24/21 15:29,Delta Setpoint,chiller 9,0.5,0.44485361874103546,-0.450848743,0.9913694837974272
3/24/21 19:59,Delta Setpoint,chiller 9,-0.29999924,0.7578271739184856,-0.174337279,0.9936698587891576
3/28/21 5:14,Delta Setpoint,chiller 9,0.5999985,0.5245542861521244,-0.407610167,0.9918543363679924
3/28/21 5:29,Delta Setpoint,chiller 9,1.2999992,0.6362951062619686,-0.295869347,0.9992014055262738
3/28/21 7:14,Delta Setpoint,chiller 9,1.0999985,0.4896387439221144,-0.442525709,0.998722249
3/31/21 17:59,Delta Setpoint,chiller 9,-0.20000076,1.7639182657003403,0.8238772302865982,0.9996835943679797
4/1/21 1:59,Delta Setpoint,chiller 9,0.5999985,0.494877428,-0.451994061,0.9930610313830626
4/1/21 3:44,Delta Setpoint,chiller 9,-0.5,0.5589556470513344,-0.399145745,0.9930828486087093
4/2/21 23:44,Delta Setpoint,chiller 9,-0.5,0.5607398226857185,-0.397361569,0.993240057
4/3/21 6:59,Delta Setpoint,chiller 9,0.5999985,0.4698539227247238,-0.494403347,0.9939072019996875
4/3/21 11:14,Delta Setpoint,chiller 9,0.5,0.4997643008828163,-0.503686391,0.9900327051861081
4/3/21 11:29,Delta Setpoint,chiller 9,0.9000015,0.6245686858892441,-0.378882006,0.9968852203706587
4/3/21 12:44,Delta Setpoint,chiller 9,0.79999924,0.6079427748918533,-0.395507917,0.995016353
4/3/21 13:29,Delta Setpoint,chiller 9,0.79999924,0.7786319255828857,-0.224818766,0.9904999221305093
4/3/21 16:44,Delta Setpoint,chiller 9,1,0.46804363280534744,-0.553141557,0.9981369352585002
4/4/21 4:14,Delta Setpoint,chiller 9,0.9000015,0.5945465341210365,-0.451638781,0.9972226508254899
4/5/21 6:15,Delta Setpoint,chiller 9,0.9000015,0.49491380900144577,-0.551271506,0.9977207111381249
4/5/21 7:14,Delta Setpoint,chiller 9,0.70000076,0.42624716460704803,-0.61993815,0.9968089955933749
4/6/21 17:29,Delta Setpoint,chiller 9,-0.79999924,0.6127537041902542,-0.433762342,0.9975761248295713
4/6/21 17:44,Delta Setpoint,chiller 9,0.79999924,0.1455017253756523,-0.901014321,0.9993940312073928
4/7/21 3:14,Delta Setpoint,chiller 9,0.79999924,0.4707956686615944,-0.61225716,0.9971389850926066
4/25/21 0:44,Delta Setpoint,chiller 9,0.9000015,0.7921147495508194,-0.21061708,0.9933079648340113
4/25/21 0:59,Delta Setpoint,chiller 9,1,0.9966153353452682,-0.006116495,0.9904212045663299
4/25/21 1:14,Delta Setpoint,chiller 9,0,1.2300021201372147,0.22727029025554657,0.9955386432226742
4/26/21 2:14,Delta Setpoint,chiller 9,0.5,0.49266036972403526,-0.51126172,0.9904157492552779
4/26/21 12:44,Delta Setpoint,chiller 9,0.5999985,0.5348340272903442,-0.471161097,0.9921401881200876
4/27/21 14:14,Delta Setpoint,chiller 9,0.5,0.4762628450989723,-0.529732279,0.9908408599414833
4/26/20 14:14,Delta Temperature,chiller 9,8.800003,8.666015625,7.911369323730469,0.998003992
4/26/20 15:14,Delta Temperature,chiller 9,8.299999,9.141118049621582,8.386471748,0.9960079840319361
4/30/20 5:29,Delta Temperature,chiller 9,9,9.763113975524902,9.008467674255371,0.9920159680638723
4/30/20 13:44,Delta Temperature,chiller 9,8.700001,9.503724098205566,8.749077796936035,0.9940119760479041
5/1/20 16:14,Delta Temperature,chiller 9,8.599998,9.367968559265137,8.613322257995605,0.9928698752228164
5/1/20 17:59,Delta Temperature,chiller 9,9,8.990607261657715,8.235960960388184,0.9928698752228164
5/1/20 22:59,Delta Temperature,chiller 9,8.299999,9.162402153015137,8.388970375061035,0.9965576592082617
5/1/20 23:14,Delta Temperature,chiller 9,9.299999,8.795825958251953,8.022394180297852,0.9982788296041308
5/1/20 23:29,Delta Temperature,chiller 9,9.5,9.361295700073242,8.587863922,0.9982788296041308
5/2/20 0:14,Delta Temperature,chiller 9,9.700001,9.651866912841797,8.878435134887695,0.9948364888123924
5/2/20 0:29,Delta Temperature,chiller 9,9.900002,9.762736320495605,8.989304542541504,0.9982788296041308
5/2/20 0:59,Delta Temperature,chiller 9,9.900002,9.864946365356445,9.091514587402344,0.9931153184165232
5/2/20 1:59,Delta Temperature,chiller 9,10.299999,10.289277076721191,9.515845299,0.9931153184165232
5/2/20 7:29,Delta Temperature,chiller 9,10.700001,11.763762474060059,10.83617115020752,0.9967793880837359
5/2/20 8:00,Delta Temperature,chiller 9,10.300003,11.256464004516602,10.328872680664062,0.9919484702093397
5/2/20 11:44,Delta Temperature,chiller 9,9.299999,10.362053871154785,9.434462547302246,0.9967793880837359
5/2/20 11:59,Delta Temperature,chiller 9,9.700001,9.673554420471191,8.745963096618652,0.9919484702093397
5/2/20 12:44,Delta Temperature,chiller 9,9.099998,10.143808364868164,9.121187210083008,0.9937597503900156
5/5/20 0:14,Delta Temperature,chiller 9,8.299999,9.293916702270508,8.308586120605469,0.9909194097616345
5/5/20 23:44,Delta Temperature,chiller 9,8.099998,9.148640632629395,8.163310050964355,0.9958376690946931
5/6/20 5:29,Delta Temperature,chiller 9,8.900002,10.120887756347656,9.118383407592773,0.9979612640163099
5/6/20 11:59,Delta Temperature,chiller 9,8.800003,10.078166007995605,9.075661659240723,0.9980411361410382
5/10/20 14:44,Delta Temperature,chiller 9,9.5,10.675392150878906,9.690061569213867,0.9968279143536876
5/10/20 14:59,Delta Temperature,chiller 9,10.5,10.194479942321777,9.209149360656738,0.9984139571768438
5/19/20 14:29,Delta Temperature,chiller 9,9.199997,10.198699951171875,9.221693039,0.9918800749531542
5/19/20 14:59,Delta Temperature,chiller 9,10.299999,10.150748252868652,9.173741340637207,0.9962523422860712
5/19/20 18:44,Delta Temperature,chiller 9,9.5,10.601350784301758,9.616020202636719,0.9956816779765577
5/20/20 15:14,Delta Temperature,chiller 9,9.5,10.558037757873535,9.572707176208496,0.9941211052322163
5/21/20 8:59,Delta Temperature,chiller 9,8.299999,9.563385009765625,8.560880661010742,0.9977285633162976
5/23/20 8:29,Delta Temperature,chiller 9,9.700001,9.431725502,8.429221153259277,0.9978034047226798
5/23/20 8:59,Delta Temperature,chiller 9,9.900002,9.891921043395996,8.889416694641113,0.9901153212520593
5/23/20 10:29,Delta Temperature,chiller 9,10.400002,10.28759766,9.267198563,0.9951113525258012
5/25/20 16:59,Delta Temperature,chiller 9,9.099998,10.136828422546387,9.116429328918457,0.9916710046850599
5/29/20 11:59,Delta Temperature,chiller 9,9.199997,9.092836380004883,8.090332031,0.9951775537045155
5/29/20 12:14,Delta Temperature,chiller 9,8.5,9.513682365,8.511178016662598,0.9916703200350724
6/8/20 15:29,Delta Temperature,chiller 9,7.5,9.819241523742676,8.816737174987793,0.9995936611133686
6/8/20 15:44,Delta Temperature,chiller 9,9.400002,8.801408767700195,7.7989044189453125,0.9995936611133686
6/16/20 7:59,Delta Temperature,chiller 9,8.700001,9.733429908752441,8.748099327087402,0.9937521693856299
11/18/20 15:59,Delta Temperature,chiller 9,7.700001,9.019580841064453,8.042573928833008,0.9987265202164916
11/18/20 16:14,Delta Temperature,chiller 9,8.599998,8.528981209,7.551974296569824,0.9945877109200891
11/20/20 22:44,Delta Temperature,chiller 9,7.9000015,9.192997932434082,8.212513924,0.9984379881287098
11/20/20 22:59,Delta Temperature,chiller 9,8.799999,8.71046257,7.729978561401367,0.9946891596376133
11/21/20 0:29,Delta Temperature,chiller 9,8.100002,9.213005065917969,8.232521057128906,0.9962511715089035
11/28/20 0:59,Delta Temperature,chiller 9,8.899998,8.894966125488281,7.894231796264648,0.9905353445726116
11/28/20 14:14,Delta Temperature,chiller 9,8.600002,9.674744606018066,8.674010276794434,0.994153756
11/29/20 9:44,Delta Temperature,chiller 9,8.5,9.589041709899902,8.588307381,0.9945729791488146
11/29/20 10:14,Delta Temperature,chiller 9,9.5,9.263857841,8.263123512268066,0.9971436732362182
12/1/20 23:59,Delta Temperature,chiller 9,8.900002,8.793753623962402,7.7930192947387695,0.9952140388194629
12/3/20 23:29,Delta Temperature,chiller 9,9.200001,8.88542366,7.8846893310546875,0.998691442
12/3/20 23:44,Delta Temperature,chiller 9,7.9000015,9.279577255249023,8.278842926,0.9989531536247056
12/3/20 23:59,Delta Temperature,chiller 9,7.299999,8.817767143249512,7.817032814025879,0.9992148652185292
12/4/20 0:44,Delta Temperature,chiller 9,9.199997,8.822513580322266,7.821779251098633,0.9989531536247056
12/4/20 0:59,Delta Temperature,chiller 9,8,9.263668060302734,8.262933731079102,0.9976445956555875
12/4/20 2:14,Delta Temperature,chiller 9,7.9000015,8.997944831848145,7.997210502624512,0.9945040565297043
12/4/20 2:59,Delta Temperature,chiller 9,7.6000023,8.686311721801758,7.66145134,0.9921895339755272
12/4/20 3:29,Delta Temperature,chiller 9,7.0999985,8.575810432434082,7.550950050354004,0.9989586045300703
12/4/20 3:59,Delta Temperature,chiller 9,8.800003,8.492981433868408,7.468121052,0.9979172090601406
12/4/20 4:14,Delta Temperature,chiller 9,7.8999977,9.070538520812988,8.045678139,0.9953137203853163
12/4/20 4:29,Delta Temperature,chiller 9,9.299999,8.601327896118164,7.576467514038086,0.9994793022650351
12/4/20 4:44,Delta Temperature,chiller 9,8,9.289198875427246,8.264338493347168,0.9968758135902109
12/4/20 4:59,Delta Temperature,chiller 9,7.699997,8.763959884643555,7.739099502563477,0.991408487
12/4/20 5:14,Delta Temperature,chiller 9,9.200001,8.502833366394043,7.477972984313965,0.9994793022650351
12/4/20 5:29,Delta Temperature,chiller 9,8,9.271280288696289,8.246419906616211,0.9960947669877636
12/4/20 5:44,Delta Temperature,chiller 9,7.5999985,8.709522247314453,7.684661865234375,0.9929705805779745
12/5/20 23:29,Delta Temperature,chiller 9,8,9.195363998413086,8.076322555541992,0.9935016245938515
12/5/20 23:59,Delta Temperature,chiller 9,9.5,8.985639572143555,7.854894638061523,0.9987565282268093
12/6/20 0:14,Delta Temperature,chiller 9,8.100002,9.266507148742676,8.135762214660645,0.9920417806515792
12/6/20 0:29,Delta Temperature,chiller 9,9.200001,9.002139091,7.871394157409668,0.9952748072618751
12/6/20 1:59,Delta Temperature,chiller 9,9.5,8.812045097351074,7.681300163269043,0.9995026112907237
12/8/20 1:29,Delta Temperature,chiller 9,7.9000015,9.235764503479004,8.058415412902832,0.9941190884587111
12/20/20 2:14,Delta Temperature,chiller 9,9.600002,9.481115341186523,8.369161605834961,0.9941434846266471
12/20/20 12:14,Delta Temperature,chiller 9,9.799999,9.737349510192871,8.625395774841309,0.9929475212611492
12/20/20 12:29,Delta Temperature,chiller 9,8.799999,9.920495033,8.808541297912598,0.990250985
12/20/20 12:59,Delta Temperature,chiller 9,10.299999,9.868853569030762,8.756899834,0.9983405932379175
12/20/20 13:44,Delta Temperature,chiller 9,8.599998,9.721475601196289,8.609521865844727,0.9904584111180254
12/20/20 14:14,Delta Temperature,chiller 9,9.899998,9.833351135253906,8.721397399902344,0.9931549471064095
2/5/21 6:44,Delta Temperature,chiller 9,10.900002,10.829195022583008,9.720724105834961,0.9939792008757526
2/21/21 5:44,Delta Temperature,chiller 9,8.900002,10.037823677062988,8.956295967,0.9921515099812319
2/21/21 5:59,Delta Temperature,chiller 9,9.899998,9.695158004760742,8.613630294799805,0.9955638969459136
2/21/21 18:44,Delta Temperature,chiller 9,9.200001,10.364718437194824,9.261652946472168,0.9934132747846648
2/21/21 19:29,Delta Temperature,chiller 9,10.300003,10.093781471252441,8.990715980529785,0.99577774
3/2/21 15:29,Delta Temperature,chiller 9,8.700001,10.6804781,9.577412605285645,0.9996622192197264
3/2/21 15:59,Delta Temperature,chiller 9,10.400002,10.363967895507812,9.260902404785156,0.9917243708832968
3/4/21 8:59,Delta Temperature,chiller 9,8.699997,9.934206008911133,8.815164566040039,0.9944640161046804
3/4/21 10:59,Delta Temperature,chiller 9,9.600002,9.529745101928711,8.400707244873047,0.9938137435211503
3/4/21 16:44,Delta Temperature,chiller 9,9.599998,10.737798690795898,9.608760833740234,0.9903349441759707
3/5/21 0:59,Delta Temperature,chiller 9,9.199997,10.559986114501953,9.429241180419922,0.9968548253600398
3/23/21 11:59,Delta Temperature,chiller 9,9.200001,10.369392395019531,9.238647461,0.9922198311537825
3/23/21 12:59,Delta Temperature,chiller 9,10.399998,10.38434886932373,9.253603935,0.9908955470948518
3/23/21 20:59,Delta Temperature,chiller 9,9.599998,10.749076843261719,9.601318359,0.990297648
3/24/21 5:59,Delta Temperature,chiller 9,9.799999,9.666676521,8.518918037,0.9947549582035732
3/24/21 6:14,Delta Temperature,chiller 9,8.799999,10.189584732055664,9.041826248168945,0.9973774791017866
3/24/21 8:44,Delta Temperature,chiller 9,9.5,9.456578254699707,8.306180000305176,0.9924848880901813
3/24/21 9:59,Delta Temperature,chiller 9,9.099998,10.276269912719727,9.125871658325195,0.9915046561019442
3/24/21 10:59,Delta Temperature,chiller 9,9.899998,9.882318496704102,8.731920242,0.9906877961117464
3/24/21 12:44,Delta Temperature,chiller 9,9,10.207324981689453,9.03219223,0.9926722032242306
3/24/21 14:14,Delta Temperature,chiller 9,10.099998,10.052369117736816,8.877236366271973,0.9934864028659828
3/24/21 19:59,Delta Temperature,chiller 9,10.599998,10.54126262664795,9.355505943,0.9938321701022561
3/27/21 9:29,Delta Temperature,chiller 9,10.599998,10.596172332763672,9.402055740356445,0.9907781912311924
3/27/21 14:00,Delta Temperature,chiller 9,10.700001,10.57638931274414,9.382272720336914,0.9948228441999677
3/28/21 5:29,Delta Temperature,chiller 9,7.5,8.795919418334961,7.601732254,0.9944098386839163
3/28/21 5:44,Delta Temperature,chiller 9,8.600002,8.026493072509766,6.832305908203125,0.9990416866315285
3/28/21 6:44,Delta Temperature,chiller 9,9.399998,9.185881614685059,7.991694450378418,0.9971250598945856
3/28/21 7:14,Delta Temperature,chiller 9,7.9000015,9.848293304,8.654106140136719,0.9995208433157643
3/28/21 7:44,Delta Temperature,chiller 9,9.099998,8.965008735656738,7.770821571350098,0.994888995
3/28/21 9:59,Delta Temperature,chiller 9,9.700001,9.675947189331055,8.481760025024414,0.9923334930522281
3/31/21 17:59,Delta Temperature,chiller 9,10.900002,10.162240028381348,8.960095405578613,0.9993671887359595
4/1/21 1:59,Delta Temperature,chiller 9,9.300003,10.543405532836914,9.341140747070312,0.9927456237186564
4/3/21 6:59,Delta Temperature,chiller 9,8.700001,10.093294143676758,8.891029357910156,0.99609436
4/3/21 11:29,Delta Temperature,chiller 9,8.299999,9.663066864013672,8.455028533935547,0.995016353
4/3/21 11:59,Delta Temperature,chiller 9,9.599998,9.582365036010742,8.374326705932617,0.9912786170378446
4/3/21 12:44,Delta Temperature,chiller 9,8.5,9.809443473815918,8.601405143737793,0.9936147017598504
4/3/21 16:44,Delta Temperature,chiller 9,9,10.37902545928955,9.161654472351074,0.9956528489365005
4/3/21 16:59,Delta Temperature,chiller 9,10.099998,9.946064949035645,8.728693962097168,0.9951870827511256
4/3/21 17:44,Delta Temperature,chiller 9,10.700001,10.391557693481445,9.174186706542969,0.9978264244682503
4/3/21 17:59,Delta Temperature,chiller 9,10.799999,10.677391052246094,9.460020065307617,0.9939450395901258
4/3/21 18:14,Delta Temperature,chiller 9,10.799999,10.709643363952637,9.492272377,0.9933240180096259
4/3/21 21:59,Delta Temperature,chiller 9,11.100002,10.874114990234375,9.631820678710938,0.9972140535520817
4/4/21 4:14,Delta Temperature,chiller 9,9.099998,10.813108444213867,9.569803237915039,0.9984570282363833
4/4/21 10:44,Delta Temperature,chiller 9,8.600002,9.863662719726562,8.620357513427734,0.9912321181356715
4/4/21 22:29,Delta Temperature,chiller 9,10,11.483805656433105,10.238598823547363,0.9971040999847585
4/5/21 0:14,Delta Temperature,chiller 9,10.5,10.450818061828613,9.205611228942871,0.9917695473251029
4/5/21 4:29,Delta Temperature,chiller 9,9.5,10.829277992248535,9.583756446838379,0.992554323
4/5/21 6:15,Delta Temperature,chiller 9,8.700001,10.537110328674316,9.291588783,0.999088284
4/5/21 7:14,Delta Temperature,chiller 9,8.799999,10.406607627868652,9.161086082458496,0.9978726637289166
4/6/21 17:29,Delta Temperature,chiller 9,11,10.608357429504395,9.338805198669434,0.9980306014240267
4/6/21 17:44,Delta Temperature,chiller 9,9.200001,11.203351020812988,9.933798789978027,0.9995455234055446
4/7/21 3:14,Delta Temperature,chiller 9,9.299999,10.774611473083496,9.502924919128418,0.9962355067007981
4/21/21 4:29,Delta Temperature,chiller 9,10.399998,11.753340721130371,10.50809383392334,0.9929567739262533
4/21/21 22:59,Delta Temperature,chiller 9,9.099998,10.388501167297363,9.143254280090332,0.9913946182215544
4/24/21 13:59,Delta Temperature,chiller 9,9.700001,9.690917969,8.445711135864258,0.9905025722200237
4/25/21 1:14,Delta Temperature,chiller 9,11.099998,10.578661918640137,9.333455085754395,0.9985566198661593
4/25/21 1:29,Delta Temperature,chiller 9,11.099998,11.068948745727539,9.823741912841797,0.9914709355727594
4/25/21 13:44,Delta Temperature,chiller 9,9.200001,8.906702995300293,7.661181449890137,0.9972588434930165
4/26/21 2:29,Delta Temperature,chiller 9,10.600002,10.312494277954102,9.066972732543945,0.9971506281569745
4/26/21 12:44,Delta Temperature,chiller 9,8.900002,10.224102020263672,8.974018096923828,0.9922690374951681
4/27/21 14:14,Delta Temperature,chiller 9,8.799999,10.12733268737793,8.877248764038086,0.9923673832845694
4/26/20 13:59,Flow Efficiency,chiller 9,0.23426002,0.2666381597518921,0.23480093479156494,0.9920159680638723
4/26/20 14:14,Flow Efficiency,chiller 9,0.24955761,0.2484901249408722,0.21665289998054504,0.9960079840319361
4/29/20 13:59,Flow Efficiency,chiller 9,0.25289255,0.28857603669166565,0.2567388117313385,0.998003992
4/30/20 13:44,Flow Efficiency,chiller 9,0.25733426,0.28982460498809814,0.25798738,0.9940119760479041
5/1/20 4:14,Flow Efficiency,chiller 9,0.25015977,0.28240635991096497,0.2505691349506378,0.9900199600798403
5/1/20 17:59,Flow Efficiency,chiller 9,0.2667803,0.26623453199863434,0.23357857763767242,0.9946524064171123
5/1/20 22:59,Flow Efficiency,chiller 9,0.22464105,0.2735688388347626,0.24064978957176208,0.9982788296041308
5/1/20 23:14,Flow Efficiency,chiller 9,0.29271403,0.2479192167520523,0.21500016748905182,0.9982788296041308
5/1/20 23:29,Flow Efficiency,chiller 9,0.30101156,0.28661516308784485,0.25369611382484436,0.9982788296041308
5/1/20 23:44,Flow Efficiency,chiller 9,0.2981946,0.2956170439720154,0.2626979947090149,0.9965576592082617
5/1/20 23:59,Flow Efficiency,chiller 9,0.30846313,0.3029327392578125,0.27001369,0.9982788296041308
5/2/20 0:14,Flow Efficiency,chiller 9,0.31492037,0.3053814172744751,0.2724623680114746,0.9982788296041308
5/2/20 0:29,Flow Efficiency,chiller 9,0.32205167,0.30886349081993103,0.27594444155693054,0.9982788296041308
5/2/20 0:59,Flow Efficiency,chiller 9,0.32283986,0.31671494245529175,0.28379589319229126,0.9982788296041308
5/2/20 1:14,Flow Efficiency,chiller 9,0.33183727,0.327890545,0.2949714958667755,0.9982788296041308
5/2/20 1:29,Flow Efficiency,chiller 9,0.33643067,0.3354075849056244,0.3024885356426239,0.9965576592082617
5/2/20 1:59,Flow Efficiency,chiller 9,0.34194773,0.33813241124153137,0.3052133619785309,0.9982788296041308
5/2/20 6:59,Flow Efficiency,chiller 9,0.33335868,0.38242852687835693,0.3372596502304077,0.9916805324459235
5/2/20 12:59,Flow Efficiency,chiller 9,0.29639846,0.28232619166374207,0.2303292453289032,0.9968798751950078
5/6/20 4:44,Flow Efficiency,chiller 9,0.3029375,0.30229946970939636,0.25713059306144714,0.9908256880733946
5/6/20 5:29,Flow Efficiency,chiller 9,0.2657066,0.3288734257221222,0.283704549,0.9979612640163099
5/6/20 11:59,Flow Efficiency,chiller 9,0.26843548,0.3190371096134186,0.272592157,0.9931439764936337
5/19/20 14:29,Flow Efficiency,chiller 9,0.32951024,0.3077695071697235,0.26695701479911804,0.9987507807620237
5/19/20 14:59,Flow Efficiency,chiller 9,0.34024975,0.32970085740089417,0.2888883650302887,0.9968769519050593
5/19/20 18:44,Flow Efficiency,chiller 9,0.31188667,0.35327792167663574,0.3119375705718994,0.9901295496607033
5/20/20 14:59,Flow Efficiency,chiller 9,0.28985655,0.3424336016178131,0.3010932505130768,0.9964726631393298
5/23/20 7:59,Flow Efficiency,chiller 9,0.27832735,0.2705863267183304,0.22924597561359406,0.9945085118066996
5/23/20 8:29,Flow Efficiency,chiller 9,0.2954823,0.2835146188735962,0.24217426776885986,0.9972542559033498
5/23/20 9:59,Flow Efficiency,chiller 9,0.32808548,0.32641491293907166,0.2824350893497467,0.9913090711569799
5/23/20 10:29,Flow Efficiency,chiller 9,0.3356623,0.3336140215396881,0.28963419795036316,0.9913090711569799
5/23/20 13:44,Flow Efficiency,chiller 9,0.3022361,0.3493644893169403,0.30538466572761536,0.9913090711569799
5/26/20 1:44,Flow Efficiency,chiller 9,0.29503143,0.27700600028038025,0.2305610477924347,0.9984544049459042
5/29/20 11:59,Flow Efficiency,chiller 9,0.30995262,0.2619055509567261,0.21792572736740112,0.9995615957913196
5/29/20 12:29,Flow Efficiency,chiller 9,0.27497768,0.27391260862350464,0.2299327850341797,0.9907935116177116
6/8/20 9:59,Flow Efficiency,chiller 9,0.25726375,0.301383913,0.257404089,0.9901679639492011
6/8/20 15:29,Flow Efficiency,chiller 9,0.3466109,0.272397518,0.22813701629638672,0.9995936611133686
6/9/20 2:29,Flow Efficiency,chiller 9,0.32238144,0.3152320086956024,0.27097150683403015,0.9944466481554939
6/11/20 19:14,Flow Efficiency,chiller 9,0.3256525,0.37005019187927246,0.3257896900177002,0.9901552442256721
6/13/20 14:59,Flow Efficiency,chiller 9,0.37522522,0.35935115814208984,0.3153713345527649,0.9971641261963843
6/16/20 1:59,Flow Efficiency,chiller 9,0.38540134,0.3744043707847595,0.33014386892318726,0.9968542467668647
6/16/20 8:14,Flow Efficiency,chiller 9,0.41880694,0.4087427258491516,0.36448222398757935,0.9958634953464323
6/18/20 15:59,Flow Efficiency,chiller 9,0.4932551,0.4917546808719635,0.4472198188304901,0.9916135524991614
6/18/20 16:14,Flow Efficiency,chiller 9,0.5008971,0.4993162155151367,0.45478135347366333,0.9916135524991614
11/17/20 22:29,Flow Efficiency,chiller 9,0.77191556,0.7685109972953796,0.7233421206474304,0.9928128062724599
11/17/20 23:30,Flow Efficiency,chiller 9,0.8620068,0.797592044,0.7524231672286987,0.9993466187520418
11/17/20 23:44,Flow Efficiency,chiller 9,0.8877737,0.8529794216156006,0.8078105449676514,0.9986932375040837
11/18/20 0:14,Flow Efficiency,chiller 9,0.90182924,0.8753101229667664,0.8301412463188171,0.9986932375040837
11/18/20 0:44,Flow Efficiency,chiller 9,0.90536195,0.8814727962017059,0.8339370787143707,0.9977280103862383
11/18/20 1:44,Flow Efficiency,chiller 9,0.8864822,0.8811672031879425,0.8336314857006073,0.9931840311587147
11/18/20 2:14,Flow Efficiency,chiller 9,0.88356423,0.8831228315830231,0.8355871140956879,0.9909120415449529
11/18/20 4:59,Flow Efficiency,chiller 9,0.81474787,0.862682432,0.8151467144489288,0.9909120415449529
11/18/20 6:59,Flow Efficiency,chiller 9,0.87071157,0.8455929756164551,0.7972595691680908,0.9980651402773298
11/18/20 11:59,Flow Efficiency,chiller 9,0.8719596,0.861528218,0.8131096959114075,0.9955142582505607
11/18/20 12:14,Flow Efficiency,chiller 9,0.8279471,0.8786625862121582,0.8302440643310547,0.9916693367510413
11/18/20 12:44,Flow Efficiency,chiller 9,0.8185815,0.8733088374137878,0.8248903155326843,0.9932713873758411
11/18/20 13:14,Flow Efficiency,chiller 9,0.9070005,0.8521978259086609,0.8037793040275574,0.9990387696251202
11/18/20 14:14,Flow Efficiency,chiller 9,0.86858773,0.8681018352508545,0.819683313,0.9900672861262416
11/18/20 15:44,Flow Efficiency,chiller 9,1.1040634,0.8829301595687866,0.8309332132339478,0.9996816300541229
11/18/20 15:59,Flow Efficiency,chiller 9,0.7728716,0.9319128394126892,0.8799158930778503,0.9996816300541229
11/18/20 17:14,Flow Efficiency,chiller 9,0.880922,0.879347563,0.8273506164550781,0.991085642
11/18/20 18:44,Flow Efficiency,chiller 9,0.86129016,0.8566463589668274,0.8046494126319885,0.9926774912448265
11/18/20 20:59,Flow Efficiency,chiller 9,0.88116217,0.8533803820610046,0.7982345223426819,0.9971527997469155
11/18/20 22:14,Flow Efficiency,chiller 9,0.8677239,0.8619569540023804,0.8068110942840576,0.994305599
11/18/20 22:44,Flow Efficiency,chiller 9,0.8731637,0.8715621829032898,0.816416323,0.9908256880733944
11/19/20 3:44,Flow Efficiency,chiller 9,0.83362234,0.8996375203132629,0.8412886261940002,0.9943414020748192
11/20/20 21:59,Flow Efficiency,chiller 9,0.8073168,0.8048742413520813,0.7465253472328186,0.9918775382692908
11/21/20 0:29,Flow Efficiency,chiller 9,0.737575,0.838144839,0.7797959446907043,0.9981255857544518
11/21/20 0:44,Flow Efficiency,chiller 9,0.81562495,0.803676963,0.7453280687332153,0.9953139643861293
11/21/20 1:29,Flow Efficiency,chiller 9,0.8270392,0.8243755102157593,0.7633394002914429,0.9928593604470661
11/21/20 6:44,Flow Efficiency,chiller 9,0.7613936,0.8302968144416809,0.7690122723579407,0.994137612
11/21/20 7:29,Flow Efficiency,chiller 9,0.8030518,0.8027895092964172,0.741504967,0.9904350509102129
11/21/20 16:44,Flow Efficiency,chiller 9,0.8236004,0.819817066,0.7580078840255737,0.9932947272173118
11/21/20 18:29,Flow Efficiency,chiller 9,0.8236653,0.8066146373748779,0.7448054552078247,0.9960377933556842
11/26/20 11:44,Flow Efficiency,chiller 9,0.7115224,0.7908692359924316,0.7289589643478394,0.9961089494163424
11/26/20 13:29,Flow Efficiency,chiller 9,0.7728617,0.7350941896438599,0.6718602180480957,0.9976197560249925
11/28/20 0:29,Flow Efficiency,chiller 9,0.8853896,0.8107330203056335,0.7474990487098694,0.9991074085093722
11/28/20 0:44,Flow Efficiency,chiller 9,0.8880947,0.829057515,0.7658235430717468,0.9988098780124963
11/28/20 9:44,Flow Efficiency,chiller 9,0.74583477,0.8312240540981293,0.7668351233005524,0.9958835636577478
11/28/20 12:44,Flow Efficiency,chiller 9,0.74404407,0.8096727132797241,0.7447361946105957,0.9906460099386144
11/29/20 8:59,Flow Efficiency,chiller 9,0.71266,0.7959638833999634,0.731027365,0.9957155098543273
11/29/20 9:29,Flow Efficiency,chiller 9,0.70263416,0.7698623538017273,0.7049258351325989,0.992002285
11/29/20 9:44,Flow Efficiency,chiller 9,0.7711343,0.7521300315856934,0.6871935129165649,0.9957155098543273
11/29/20 9:59,Flow Efficiency,chiller 9,0.81107354,0.7933523058891296,0.7284157872200012,0.9957155098543273
11/29/20 10:29,Flow Efficiency,chiller 9,0.8249067,0.8034685254096985,0.7385320067405701,0.9960011425307055
11/29/20 10:59,Flow Efficiency,chiller 9,0.81708246,0.8158968091011047,0.7509602904319763,0.9914310197086547
11/29/20 16:59,Flow Efficiency,chiller 9,0.7597886,0.8274937868118286,0.760185957,0.9901157865009884
11/29/20 17:44,Flow Efficiency,chiller 9,0.743606,0.8161441683769226,0.748836339,0.991810223
11/29/20 18:29,Flow Efficiency,chiller 9,0.8163629,0.7918838858604431,0.7245760560035706,0.9966111268003389
11/29/20 19:44,Flow Efficiency,chiller 9,0.8289269,0.8216917514801025,0.754383922,0.9923750353007625
11/29/20 20:14,Flow Efficiency,chiller 9,0.8366099,0.836334229,0.7690263986587524,0.9901157865009884
11/29/20 22:14,Flow Efficiency,chiller 9,0.86346364,0.8471230268478394,0.7776031494140625,0.9949452401010952
11/30/20 2:59,Flow Efficiency,chiller 9,0.787797,0.8706303238868713,0.7969488501548767,0.9927394582518849
11/30/20 3:59,Flow Efficiency,chiller 9,0.85985196,0.8487563729286194,0.7750748991966248,0.9930187098575817
11/30/20 4:44,Flow Efficiency,chiller 9,0.86473846,0.8584352135658264,0.7847537398338318,0.9927394582518849
11/30/20 5:14,Flow Efficiency,chiller 9,0.88674814,0.8743112683296204,0.8006297945976257,0.9938564646746719
11/30/20 22:44,Flow Efficiency,chiller 9,0.94119275,0.8989979028701782,0.8212293386459351,0.9980774512496566
12/1/20 1:59,Flow Efficiency,chiller 9,0.82079417,0.9013747274875641,0.8212332427501678,0.9901666211417646
12/1/20 2:14,Flow Efficiency,chiller 9,0.8842397,0.8816623985767365,0.8015209138393402,0.9915323682054084
12/1/20 20:29,Flow Efficiency,chiller 9,0.9214013,0.8936795592308044,0.8126599192619324,0.9967923015236568
12/1/20 23:44,Flow Efficiency,chiller 9,0.9203362,0.9097445607185364,0.8287249207496643,0.9949211440791232
12/1/20 23:59,Flow Efficiency,chiller 9,0.82747954,0.933083713,0.8513055443763733,0.9965434724807232
12/2/20 0:14,Flow Efficiency,chiller 9,1.0943676,0.9003119468688965,0.8185337781906128,0.9994682265354958
12/3/20 11:59,Flow Efficiency,chiller 9,0.91689736,0.8856629133224487,0.8031671047210693,0.9973551970378207
12/3/20 12:59,Flow Efficiency,chiller 9,0.806746,0.9048418998718262,0.8223460912704468,0.9952393546680772
12/3/20 17:14,Flow Efficiency,chiller 9,0.9315421,0.8802279829978943,0.7959340214729309,0.9984214680347278
12/3/20 23:29,Flow Efficiency,chiller 9,0.83282906,0.9181863069534302,0.8328902721405029,0.990054959
12/3/20 23:59,Flow Efficiency,chiller 9,1.0117815,0.9227543473243713,0.8374583125114441,0.9989531536247056
12/4/20 0:29,Flow Efficiency,chiller 9,0.9513767,0.9279932975769043,0.842697263,0.9958126144988223
12/4/20 0:44,Flow Efficiency,chiller 9,0.80889356,0.938919723,0.8536236882209778,0.9979063072494111
12/4/20 0:59,Flow Efficiency,chiller 9,0.94434136,0.8966575264930725,0.8113614916801453,0.9979063072494111
12/4/20 3:14,Flow Efficiency,chiller 9,0.9455163,0.9411786198616028,0.8453059792518616,0.9927102317104921
12/4/20 3:29,Flow Efficiency,chiller 9,1.0204754,0.957470179,0.8615975379943848,0.9986982556625879
12/4/20 3:44,Flow Efficiency,chiller 9,0.83976066,0.9857277274131775,0.8898550868034363,0.9984379067951055
12/4/20 4:29,Flow Efficiency,chiller 9,0.8068326,0.9358875155448914,0.8400148749351501,0.9968758135902109
12/4/20 4:44,Flow Efficiency,chiller 9,0.978638,0.9058839082717896,0.8100112676620483,0.9986982556625879
12/4/20 5:44,Flow Efficiency,chiller 9,0.9919755,0.9367032051086426,0.8408305644989014,0.9984379067951055
12/4/20 5:59,Flow Efficiency,chiller 9,0.70702434,0.9630241394042969,0.8671514987945557,0.9992189533975527
12/4/20 22:29,Flow Efficiency,chiller 9,0.9220493,0.9120714664459229,0.811692476,0.9928223532427582
12/5/20 22:29,Flow Efficiency,chiller 9,0.8054304,0.9233872294425964,0.8230082392692566,0.9937515621094727
12/5/20 22:44,Flow Efficiency,chiller 9,0.92080295,0.8889783024787903,0.7885993123054504,0.9957510622344414
12/5/20 23:44,Flow Efficiency,chiller 9,0.8268421,0.9284732937812805,0.8280943036079407,0.9907523119220195
12/6/20 0:14,Flow Efficiency,chiller 9,0.9336042,0.90083009,0.7986271977424622,0.9957721959711514
12/6/20 0:44,Flow Efficiency,chiller 9,0.9384741,0.9194293022155762,0.8172264099121094,0.9942800298433225
12/6/20 1:59,Flow Efficiency,chiller 9,0.79284006,0.9298985004425049,0.8276956081390381,0.9957721959711514
12/6/20 2:14,Flow Efficiency,chiller 9,0.9042013,0.8850464820861816,0.7828435897827148,0.9942800298433225
12/6/20 2:29,Flow Efficiency,chiller 9,0.9584053,0.9310978055000305,0.8288949131965637,0.9947774185525988
12/7/20 21:14,Flow Efficiency,chiller 9,0.9239839,0.9174360632896423,0.8096231818199158,0.9913814331445456
12/8/20 1:29,Flow Efficiency,chiller 9,0.94730586,0.9370584487915039,0.8263490200042725,0.9919137466307277
12/8/20 22:29,Flow Efficiency,chiller 9,0.957854,0.9430328607559204,0.832323432,0.9935111751982697
12/9/20 11:14,Flow Efficiency,chiller 9,0.9259313,0.9143936634063721,0.8036842346191406,0.992181947
12/9/20 23:59,Flow Efficiency,chiller 9,0.9402506,0.9318547248840332,0.818158746,0.9915512790424783
12/14/20 10:29,Flow Efficiency,chiller 9,0.6533488,0.7853531837463379,0.6746437549591064,0.9945958117541094
12/15/20 23:44,Flow Efficiency,chiller 9,0.7780489,0.7731176614761353,0.6653047800064087,0.9908715496631167
12/20/20 13:14,Flow Efficiency,chiller 9,0.59839755,0.7086544632911682,0.601038396,0.9904584111180254
12/21/20 13:44,Flow Efficiency,chiller 9,0.58188707,0.6966531276702881,0.5890370607376099,0.9918715708189393
2/5/21 14:59,Flow Efficiency,chiller 9,0.31458935,0.30543267726898193,0.20248758792877197,0.9925738090925557
4/9/21 13:14,Flow Efficiency,chiller 9,0.24539997,0.35516083240509033,0.25695371627807617,0.9940415637262026
4/24/21 13:29,Flow Efficiency,chiller 9,0.27397588,0.25941869616508484,0.16364118456840515,0.9948555599525128
4/24/21 13:44,Flow Efficiency,chiller 9,0.2843446,0.2812358886003494,0.18545837700366974,0.9918216594116871
4/24/21 13:59,Flow Efficiency,chiller 9,0.30105954,0.29083284735679626,0.19505533576011658,0.9938002901991821
4/26/21 10:59,Flow Efficiency,chiller 9,0.34720108,0.32219401001930237,0.22632136940956116,0.9967787656229867
4/26/21 11:14,Flow Efficiency,chiller 9,0.35916495,0.35347282886505127,0.25760018825531006,0.9927844349954903
4/29/21 13:29,Flow Efficiency,chiller 9,0.28843316,0.2844059467315674,0.18853330612182617,0.9922794582964182
